variable,grupos,significado,unidad,tipo_de_dato,valores_esperados
cell_id,1 a 4,Identificador de la celda de 500 m x 500 m (fila R y columna C de la malla),texto,texto,LJ500_Rxxx_Cxxx
zona,1 a 4,Estrato de muestreo según la coordenada centro_y_m (norte >= 9555250 m; sur < 9555250 m),texto,texto,norte o sur
fila,1 a 4,Fila de la celda en la malla; aumenta hacia el norte,índice,entero,entero
columna,1 a 4,Columna de la celda en la malla; aumenta hacia el este,índice,entero,entero
centro_x_m,1 a 4,Coordenada X (este) del centro de la celda en proyección UTM,m,decimal,positiva
centro_y_m,1 a 4,Coordenada Y (norte) del centro de la celda en proyección UTM,m,decimal,positiva
area_dentro_loja_ha,1 a 4,Área de la celda que queda dentro del cantón Loja,ha,decimal,0 a 25
fraccion_dentro_loja,1 a 4,Fracción de la celda dentro del cantón (1 = celda completa),fracción,decimal,0 a 1
es_celda_completa,1 a 4,Indica si la celda está completamente dentro del cantón,lógico,texto,True o False
anio,1 a 4 (bases mensuales),Año del registro,año,entero,2019 a 2024
mes,1 a 4 (bases mensuales),Mes del registro,mes,entero,1 a 12
anio_mes,1 a 4 (bases mensuales),Año y mes del registro,texto,texto,AAAA-MM
y_incendio_ge7_obs90,1 a 4 (bases mensuales),Ocurrencia de incendio en la celda y el mes según la definición principal (1 = sí; 0 = no; vacío = indeterminado),código,entero,0 o 1; vacío
y_principal_valida,1 a 4 (bases mensuales),Indica si el registro es válido para usar y_incendio_ge7_obs90 (1 = válido; 0 = excluir),código,entero,0 o 1
alos_elevacion_m_mean,1 y 4,Elevación media de la celda (modelo digital ALOS),m,decimal,mayor que 0
alos_elevacion_m_std,1,Desviación estándar de la elevación dentro de la celda (rugosidad del terreno),m,decimal,0 o más
alos_pendiente_grados_mean,1 y 4,Pendiente media del terreno,grados,decimal,0 a 90
alos_northness_mean,1,Orientación hacia el norte (coseno de la orientación de la ladera); 1 = norte y -1 = sur,adimensional,decimal,-1 a 1
alos_eastness_mean,1,Orientación hacia el este (seno de la orientación de la ladera); 1 = este y -1 = oeste,adimensional,decimal,-1 a 1
ghsl_distancia_asentamiento_m_mean,1,Distancia media al asentamiento (zona construida) más cercano según GHSL,m,decimal,0 o más
osm_distancia_vias_m_mean,1,Distancia media a la vía más cercana según OpenStreetMap,m,decimal,0 o más
ghsl_presencia_construida_100m_prop_soporte_presente,1,Proporción de la celda con presencia de construcciones (GHSL),proporción,decimal,0 a 1
osm_presencia_vial_100m_prop_soporte_presente,1,Proporción de la celda con presencia de vías (OpenStreetMap),proporción,decimal,0 a 1
alos_elevacion_m_coverage,1,Fracción de la celda con dato válido de ALOS (control de calidad),fracción,decimal,0 a 1
ghsl_distancia_asentamiento_m_coverage,1,Fracción de la celda con dato válido de GHSL (control de calidad),fracción,decimal,0 a 1
osm_distancia_vias_m_coverage,1,Fracción de la celda con dato válido de OpenStreetMap (control de calidad),fracción,decimal,0 a 1
meses_validos,1 (grupo_01_relieve.csv),Número de meses 2019-2024 con observación válida de incendio en la celda,meses,entero,0 a 72
meses_con_incendio,1 (grupo_01_relieve.csv),Número de meses con incendio en la celda (definición principal),meses,entero,0 a 72
incendio_2019_2024,1 (grupo_01_relieve.csv),Indica si la celda tuvo al menos un incendio entre 2019 y 2024 (1 = sí; 0 = no),código,entero,0 o 1
prop_bosque_nativo,2,Proporción del área de la celda con bosque nativo (mapa MAATE 2018; fija en el tiempo),proporción,decimal,0 a 1
prop_paramo,2,Proporción del área con páramo,proporción,decimal,0 a 1
prop_vegetacion_natural_arbustiva_herbacea,2,Proporción del área con vegetación arbustiva y herbácea,proporción,decimal,0 a 1
prop_plantacion_forestal,2,Proporción del área con plantación forestal,proporción,decimal,0 a 1
prop_cobertura_agropecuaria_total,2,Proporción del área con uso agropecuario (cultivos y pastos),proporción,decimal,0 a 1
prop_area_poblada,2,Proporción del área poblada,proporción,decimal,0 a 1
prop_infraestructura,2,Proporción del área con infraestructura,proporción,decimal,0 a 1
prop_area_sin_cobertura_vegetal,2,Proporción del área sin cobertura vegetal,proporción,decimal,0 a 1
prop_cuerpo_de_agua_natural,2,Proporción del área con cuerpos de agua naturales,proporción,decimal,0 a 1
suma_prop_maate_9v,2,Suma de las nueve proporciones anteriores (control de calidad),proporción,decimal,1
s2_ndvi_mean,2,Índice de vegetación NDVI medio del mes (Sentinel-2); mayor valor = vegetación más vigorosa,adimensional,decimal,-1 a 1; vacío si no hay imagen
s2_ndmi_mean,2,Índice de humedad de la vegetación NDMI medio del mes,adimensional,decimal,-1 a 1; vacío si no hay imagen
s2_nbr_mean,2,Índice de área quemada NBR medio del mes,adimensional,decimal,-1 a 1; vacío si no hay imagen
s2_ndwi_mean,2,Índice de agua NDWI medio del mes,adimensional,decimal,-1 a 1; vacío si no hay imagen
s2_cobertura_valida_pct,2,Porcentaje de la celda con píxeles Sentinel-2 válidos (sin nubes),%,decimal,0 a 100
sentinel_t1_missing,2,Indica si falta el índice Sentinel-2 del mes (1 = falta y los índices están vacíos; 0 = hay dato),código,entero,0 o 1
chirps_precipitacion_acumulada_t1_mm,3 y 4,Precipitación total del mes (CHIRPS),mm,decimal,0 o más
chirps_precipitacion_acumulada_prev2m_mm,3,Precipitación total de los 2 meses anteriores al mes del registro,mm,decimal,0 o más
chirps_precipitacion_acumulada_prev3m_mm,3,Precipitación total de los 3 meses anteriores (incluye los 2 anteriores; no sumar con prev2m),mm,decimal,0 o más
chirps_precipitacion_maxima_diaria_t1_mm,3,Mayor precipitación registrada en un solo día del mes,mm,decimal,0 o más
chirps_dias_secos_t1,3 y 4,Número de días secos del mes (promedio de la celda; puede tener decimales),días,decimal,0 a 31
chirps_dias_humedos_t1,3,Número de días húmedos del mes (promedio de la celda; puede tener decimales),días,decimal,0 a 31
chirps_dias_validos_t1,3,Número de días del mes con dato válido de CHIRPS,días,decimal,28 a 31
chirps_disponibilidad_t1_pct,3,Porcentaje de días del mes con dato de CHIRPS (control de calidad),%,decimal,0 a 100
chirps_historia_3m_completa,3,Indica si los 3 meses anteriores tienen datos completos (1 = sí; 0 = no),código,entero,0 o 1
chelsa_sfcwind_media_t1_ms,3,Velocidad media del viento en superficie en el mes (CHELSA),m/s,decimal,0 o más
chelsa_sfcwind_maxima_t1_ms,3,Velocidad máxima del viento en superficie en el mes,m/s,decimal,0 o más
chelsa_disponibilidad_t1_pct,3,Porcentaje de días del mes con dato de CHELSA (control de calidad),%,decimal,0 a 100
es_borde_o_sliver,4,Indica si la celda es de borde o un fragmento pequeño del cantón (1 = sí),código,entero,0 o 1
viirs_disponibilidad_support_pct,4,Porcentaje del mes en que el satélite VIIRS pudo observar la celda,%,decimal,0 a 100; vacío si no hay soporte
viirs_evidencia_fuego_any,4,Indica si VIIRS detectó alguna señal de fuego en el mes (1 = sí; 0 = no),código,entero,0 o 1; vacío si no hay soporte
estado_ge7_obs90,4,Estado del registro según la definición principal de incendio,texto,texto,incendio_observado; no_incendio_observado; indeterminado_baja_observabilidad; indeterminado_sin_soporte
y_incendio_ge8_obs90,4,Variante con umbral de detección más exigente (ge8 en lugar de ge7),código,entero,0 o 1; vacío
y_incendio_ge7_obs80,4,Variante que exige al menos 80 % de observabilidad (en lugar de 90 %),código,entero,0 o 1; vacío
y_incendio_ge7_obs95,4,Variante que exige al menos 95 % de observabilidad,código,entero,0 o 1; vacío
y_incendio_ge7_obs100,4,Variante que exige 100 % de observabilidad,código,entero,0 o 1; vacío
