cell_id,zona,N_estrato,n_estrato,probabilidad_inclusion
LJ500_R003_C075,sur,3996,200,0.05005
LJ500_R004_C055,sur,3996,200,0.05005
LJ500_R004_C073,sur,3996,200,0.05005
LJ500_R005_C072,sur,3996,200,0.05005
LJ500_R005_C078,sur,3996,200,0.05005
LJ500_R006_C072,sur,3996,200,0.05005
LJ500_R006_C077,sur,3996,200,0.05005
LJ500_R007_C058,sur,3996,200,0.05005
LJ500_R007_C069,sur,3996,200,0.05005
LJ500_R007_C073,sur,3996,200,0.05005
LJ500_R009_C066,sur,3996,200,0.05005
LJ500_R009_C082,sur,3996,200,0.05005
LJ500_R010_C064,sur,3996,200,0.05005
LJ500_R011_C061,sur,3996,200,0.05005
LJ500_R011_C080,sur,3996,200,0.05005
LJ500_R011_C081,sur,3996,200,0.05005
LJ500_R011_C082,sur,3996,200,0.05005
LJ500_R013_C059,sur,3996,200,0.05005
LJ500_R013_C060,sur,3996,200,0.05005
LJ500_R015_C057,sur,3996,200,0.05005
LJ500_R015_C062,sur,3996,200,0.05005
LJ500_R016_C057,sur,3996,200,0.05005
LJ500_R016_C072,sur,3996,200,0.05005
LJ500_R016_C079,sur,3996,200,0.05005
LJ500_R016_C080,sur,3996,200,0.05005
LJ500_R017_C059,sur,3996,200,0.05005
LJ500_R017_C070,sur,3996,200,0.05005
LJ500_R017_C071,sur,3996,200,0.05005
LJ500_R017_C072,sur,3996,200,0.05005
LJ500_R017_C075,sur,3996,200,0.05005
LJ500_R018_C078,sur,3996,200,0.05005
LJ500_R019_C065,sur,3996,200,0.05005
LJ500_R019_C076,sur,3996,200,0.05005
LJ500_R019_C081,sur,3996,200,0.05005
LJ500_R019_C089,sur,3996,200,0.05005
LJ500_R020_C074,sur,3996,200,0.05005
LJ500_R020_C077,sur,3996,200,0.05005
LJ500_R021_C071,sur,3996,200,0.05005
LJ500_R022_C069,sur,3996,200,0.05005
LJ500_R022_C074,sur,3996,200,0.05005
LJ500_R024_C074,sur,3996,200,0.05005
LJ500_R024_C084,sur,3996,200,0.05005
LJ500_R024_C085,sur,3996,200,0.05005
LJ500_R024_C087,sur,3996,200,0.05005
LJ500_R025_C056,sur,3996,200,0.05005
LJ500_R025_C061,sur,3996,200,0.05005
LJ500_R026_C080,sur,3996,200,0.05005
LJ500_R027_C061,sur,3996,200,0.05005
LJ500_R027_C063,sur,3996,200,0.05005
LJ500_R027_C071,sur,3996,200,0.05005
LJ500_R027_C076,sur,3996,200,0.05005
LJ500_R028_C080,sur,3996,200,0.05005
LJ500_R029_C074,sur,3996,200,0.05005
LJ500_R029_C081,sur,3996,200,0.05005
LJ500_R030_C060,sur,3996,200,0.05005
LJ500_R030_C063,sur,3996,200,0.05005
LJ500_R031_C055,sur,3996,200,0.05005
LJ500_R031_C083,sur,3996,200,0.05005
LJ500_R032_C072,sur,3996,200,0.05005
LJ500_R033_C052,sur,3996,200,0.05005
LJ500_R033_C078,sur,3996,200,0.05005
LJ500_R033_C079,sur,3996,200,0.05005
LJ500_R034_C053,sur,3996,200,0.05005
LJ500_R034_C062,sur,3996,200,0.05005
LJ500_R034_C091,sur,3996,200,0.05005
LJ500_R035_C080,sur,3996,200,0.05005
LJ500_R035_C083,sur,3996,200,0.05005
LJ500_R035_C086,sur,3996,200,0.05005
LJ500_R035_C093,sur,3996,200,0.05005
LJ500_R036_C086,sur,3996,200,0.05005
LJ500_R037_C070,sur,3996,200,0.05005
LJ500_R037_C071,sur,3996,200,0.05005
LJ500_R037_C073,sur,3996,200,0.05005
LJ500_R037_C090,sur,3996,200,0.05005
LJ500_R038_C052,sur,3996,200,0.05005
LJ500_R038_C061,sur,3996,200,0.05005
LJ500_R040_C051,sur,3996,200,0.05005
LJ500_R040_C069,sur,3996,200,0.05005
LJ500_R040_C076,sur,3996,200,0.05005
LJ500_R040_C091,sur,3996,200,0.05005
LJ500_R041_C057,sur,3996,200,0.05005
LJ500_R041_C080,sur,3996,200,0.05005
LJ500_R042_C058,sur,3996,200,0.05005
LJ500_R042_C066,sur,3996,200,0.05005
LJ500_R042_C080,sur,3996,200,0.05005
LJ500_R043_C049,sur,3996,200,0.05005
LJ500_R043_C062,sur,3996,200,0.05005
LJ500_R043_C077,sur,3996,200,0.05005
LJ500_R043_C092,sur,3996,200,0.05005
LJ500_R044_C054,sur,3996,200,0.05005
LJ500_R044_C057,sur,3996,200,0.05005
LJ500_R044_C066,sur,3996,200,0.05005
LJ500_R044_C094,sur,3996,200,0.05005
LJ500_R045_C052,sur,3996,200,0.05005
LJ500_R045_C056,sur,3996,200,0.05005
LJ500_R046_C058,sur,3996,200,0.05005
LJ500_R047_C080,sur,3996,200,0.05005
LJ500_R047_C082,sur,3996,200,0.05005
LJ500_R047_C087,sur,3996,200,0.05005
LJ500_R047_C090,sur,3996,200,0.05005
LJ500_R047_C095,sur,3996,200,0.05005
LJ500_R048_C072,sur,3996,200,0.05005
LJ500_R049_C074,sur,3996,200,0.05005
LJ500_R049_C081,sur,3996,200,0.05005
LJ500_R049_C082,sur,3996,200,0.05005
LJ500_R049_C097,sur,3996,200,0.05005
LJ500_R050_C050,sur,3996,200,0.05005
LJ500_R050_C061,sur,3996,200,0.05005
LJ500_R050_C072,sur,3996,200,0.05005
LJ500_R050_C079,sur,3996,200,0.05005
LJ500_R050_C085,sur,3996,200,0.05005
LJ500_R050_C095,sur,3996,200,0.05005
LJ500_R051_C072,sur,3996,200,0.05005
LJ500_R052_C053,sur,3996,200,0.05005
LJ500_R052_C070,sur,3996,200,0.05005
LJ500_R052_C075,sur,3996,200,0.05005
LJ500_R052_C078,sur,3996,200,0.05005
LJ500_R052_C082,sur,3996,200,0.05005
LJ500_R053_C084,sur,3996,200,0.05005
LJ500_R054_C048,sur,3996,200,0.05005
LJ500_R054_C061,sur,3996,200,0.05005
LJ500_R054_C070,sur,3996,200,0.05005
LJ500_R055_C049,sur,3996,200,0.05005
LJ500_R056_C077,sur,3996,200,0.05005
LJ500_R056_C078,sur,3996,200,0.05005
LJ500_R056_C079,sur,3996,200,0.05005
LJ500_R057_C076,sur,3996,200,0.05005
LJ500_R058_C059,sur,3996,200,0.05005
LJ500_R058_C067,sur,3996,200,0.05005
LJ500_R058_C086,sur,3996,200,0.05005
LJ500_R059_C062,sur,3996,200,0.05005
LJ500_R059_C068,sur,3996,200,0.05005
LJ500_R059_C084,sur,3996,200,0.05005
LJ500_R059_C085,sur,3996,200,0.05005
LJ500_R060_C060,sur,3996,200,0.05005
LJ500_R062_C057,sur,3996,200,0.05005
LJ500_R062_C096,sur,3996,200,0.05005
LJ500_R063_C051,sur,3996,200,0.05005
LJ500_R064_C071,sur,3996,200,0.05005
LJ500_R064_C091,sur,3996,200,0.05005
LJ500_R065_C050,sur,3996,200,0.05005
LJ500_R065_C052,sur,3996,200,0.05005
LJ500_R065_C069,sur,3996,200,0.05005
LJ500_R066_C055,sur,3996,200,0.05005
LJ500_R067_C063,sur,3996,200,0.05005
LJ500_R067_C066,sur,3996,200,0.05005
LJ500_R067_C079,sur,3996,200,0.05005
LJ500_R068_C053,sur,3996,200,0.05005
LJ500_R068_C057,sur,3996,200,0.05005
LJ500_R068_C061,sur,3996,200,0.05005
LJ500_R068_C066,sur,3996,200,0.05005
LJ500_R068_C096,sur,3996,200,0.05005
LJ500_R069_C062,sur,3996,200,0.05005
LJ500_R069_C083,sur,3996,200,0.05005
LJ500_R069_C098,sur,3996,200,0.05005
LJ500_R070_C065,sur,3996,200,0.05005
LJ500_R070_C073,sur,3996,200,0.05005
LJ500_R071_C050,sur,3996,200,0.05005
LJ500_R071_C052,sur,3996,200,0.05005
LJ500_R072_C088,sur,3996,200,0.05005
LJ500_R073_C052,sur,3996,200,0.05005
LJ500_R073_C057,sur,3996,200,0.05005
LJ500_R073_C085,sur,3996,200,0.05005
LJ500_R073_C093,sur,3996,200,0.05005
LJ500_R074_C080,sur,3996,200,0.05005
LJ500_R075_C075,sur,3996,200,0.05005
LJ500_R076_C065,sur,3996,200,0.05005
LJ500_R076_C084,sur,3996,200,0.05005
LJ500_R076_C090,sur,3996,200,0.05005
LJ500_R077_C060,sur,3996,200,0.05005
LJ500_R077_C067,sur,3996,200,0.05005
LJ500_R078_C085,sur,3996,200,0.05005
LJ500_R079_C062,sur,3996,200,0.05005
LJ500_R079_C086,sur,3996,200,0.05005
LJ500_R080_C068,sur,3996,200,0.05005
LJ500_R081_C063,sur,3996,200,0.05005
LJ500_R081_C077,sur,3996,200,0.05005
LJ500_R082_C086,sur,3996,200,0.05005
LJ500_R082_C087,sur,3996,200,0.05005
LJ500_R084_C077,sur,3996,200,0.05005
LJ500_R085_C070,sur,3996,200,0.05005
LJ500_R085_C083,sur,3996,200,0.05005
LJ500_R089_C073,sur,3996,200,0.05005
LJ500_R090_C085,sur,3996,200,0.05005
LJ500_R091_C084,sur,3996,200,0.05005
LJ500_R092_C071,sur,3996,200,0.05005
LJ500_R093_C078,sur,3996,200,0.05005
LJ500_R093_C086,sur,3996,200,0.05005
LJ500_R097_C074,sur,3996,200,0.05005
LJ500_R100_C076,sur,3996,200,0.05005
LJ500_R100_C079,sur,3996,200,0.05005
LJ500_R102_C072,sur,3996,200,0.05005
LJ500_R102_C081,sur,3996,200,0.05005
LJ500_R103_C074,sur,3996,200,0.05005
LJ500_R103_C080,sur,3996,200,0.05005
LJ500_R103_C087,sur,3996,200,0.05005
LJ500_R104_C075,sur,3996,200,0.05005
LJ500_R104_C086,sur,3996,200,0.05005
LJ500_R105_C084,sur,3996,200,0.05005
LJ500_R107_C067,sur,3996,200,0.05005
LJ500_R108_C072,norte,4001,200,0.04999
LJ500_R108_C081,norte,4001,200,0.04999
LJ500_R109_C088,norte,4001,200,0.04999
LJ500_R109_C090,norte,4001,200,0.04999
LJ500_R111_C078,norte,4001,200,0.04999
LJ500_R111_C085,norte,4001,200,0.04999
LJ500_R113_C064,norte,4001,200,0.04999
LJ500_R113_C067,norte,4001,200,0.04999
LJ500_R113_C080,norte,4001,200,0.04999
LJ500_R113_C084,norte,4001,200,0.04999
LJ500_R116_C059,norte,4001,200,0.04999
LJ500_R116_C064,norte,4001,200,0.04999
LJ500_R117_C065,norte,4001,200,0.04999
LJ500_R118_C050,norte,4001,200,0.04999
LJ500_R118_C051,norte,4001,200,0.04999
LJ500_R118_C056,norte,4001,200,0.04999
LJ500_R118_C088,norte,4001,200,0.04999
LJ500_R119_C057,norte,4001,200,0.04999
LJ500_R119_C072,norte,4001,200,0.04999
LJ500_R119_C073,norte,4001,200,0.04999
LJ500_R119_C081,norte,4001,200,0.04999
LJ500_R120_C065,norte,4001,200,0.04999
LJ500_R120_C072,norte,4001,200,0.04999
LJ500_R120_C077,norte,4001,200,0.04999
LJ500_R121_C070,norte,4001,200,0.04999
LJ500_R124_C056,norte,4001,200,0.04999
LJ500_R125_C057,norte,4001,200,0.04999
LJ500_R125_C058,norte,4001,200,0.04999
LJ500_R125_C087,norte,4001,200,0.04999
LJ500_R125_C090,norte,4001,200,0.04999
LJ500_R126_C090,norte,4001,200,0.04999
LJ500_R127_C054,norte,4001,200,0.04999
LJ500_R127_C060,norte,4001,200,0.04999
LJ500_R127_C061,norte,4001,200,0.04999
LJ500_R128_C070,norte,4001,200,0.04999
LJ500_R128_C084,norte,4001,200,0.04999
LJ500_R128_C087,norte,4001,200,0.04999
LJ500_R130_C051,norte,4001,200,0.04999
LJ500_R130_C060,norte,4001,200,0.04999
LJ500_R131_C078,norte,4001,200,0.04999
LJ500_R132_C049,norte,4001,200,0.04999
LJ500_R133_C045,norte,4001,200,0.04999
LJ500_R133_C089,norte,4001,200,0.04999
LJ500_R134_C070,norte,4001,200,0.04999
LJ500_R134_C078,norte,4001,200,0.04999
LJ500_R135_C051,norte,4001,200,0.04999
LJ500_R135_C076,norte,4001,200,0.04999
LJ500_R135_C079,norte,4001,200,0.04999
LJ500_R135_C090,norte,4001,200,0.04999
LJ500_R136_C068,norte,4001,200,0.04999
LJ500_R136_C091,norte,4001,200,0.04999
LJ500_R137_C044,norte,4001,200,0.04999
LJ500_R137_C065,norte,4001,200,0.04999
LJ500_R137_C078,norte,4001,200,0.04999
LJ500_R138_C020,norte,4001,200,0.04999
LJ500_R138_C031,norte,4001,200,0.04999
LJ500_R138_C052,norte,4001,200,0.04999
LJ500_R138_C053,norte,4001,200,0.04999
LJ500_R138_C073,norte,4001,200,0.04999
LJ500_R139_C022,norte,4001,200,0.04999
LJ500_R139_C041,norte,4001,200,0.04999
LJ500_R139_C076,norte,4001,200,0.04999
LJ500_R139_C093,norte,4001,200,0.04999
LJ500_R140_C056,norte,4001,200,0.04999
LJ500_R140_C059,norte,4001,200,0.04999
LJ500_R140_C069,norte,4001,200,0.04999
LJ500_R140_C075,norte,4001,200,0.04999
LJ500_R140_C078,norte,4001,200,0.04999
LJ500_R140_C079,norte,4001,200,0.04999
LJ500_R141_C024,norte,4001,200,0.04999
LJ500_R141_C048,norte,4001,200,0.04999
LJ500_R141_C093,norte,4001,200,0.04999
LJ500_R143_C032,norte,4001,200,0.04999
LJ500_R143_C046,norte,4001,200,0.04999
LJ500_R143_C073,norte,4001,200,0.04999
LJ500_R143_C077,norte,4001,200,0.04999
LJ500_R143_C088,norte,4001,200,0.04999
LJ500_R143_C090,norte,4001,200,0.04999
LJ500_R144_C029,norte,4001,200,0.04999
LJ500_R144_C037,norte,4001,200,0.04999
LJ500_R144_C050,norte,4001,200,0.04999
LJ500_R144_C052,norte,4001,200,0.04999
LJ500_R145_C018,norte,4001,200,0.04999
LJ500_R145_C023,norte,4001,200,0.04999
LJ500_R145_C044,norte,4001,200,0.04999
LJ500_R145_C058,norte,4001,200,0.04999
LJ500_R145_C064,norte,4001,200,0.04999
LJ500_R145_C077,norte,4001,200,0.04999
LJ500_R146_C016,norte,4001,200,0.04999
LJ500_R146_C061,norte,4001,200,0.04999
LJ500_R146_C063,norte,4001,200,0.04999
LJ500_R146_C064,norte,4001,200,0.04999
LJ500_R146_C076,norte,4001,200,0.04999
LJ500_R147_C064,norte,4001,200,0.04999
LJ500_R147_C078,norte,4001,200,0.04999
LJ500_R147_C079,norte,4001,200,0.04999
LJ500_R148_C017,norte,4001,200,0.04999
LJ500_R148_C027,norte,4001,200,0.04999
LJ500_R148_C037,norte,4001,200,0.04999
LJ500_R148_C084,norte,4001,200,0.04999
LJ500_R149_C018,norte,4001,200,0.04999
LJ500_R149_C026,norte,4001,200,0.04999
LJ500_R149_C036,norte,4001,200,0.04999
LJ500_R149_C082,norte,4001,200,0.04999
LJ500_R150_C035,norte,4001,200,0.04999
LJ500_R150_C077,norte,4001,200,0.04999
LJ500_R150_C079,norte,4001,200,0.04999
LJ500_R151_C021,norte,4001,200,0.04999
LJ500_R151_C045,norte,4001,200,0.04999
LJ500_R151_C054,norte,4001,200,0.04999
LJ500_R151_C069,norte,4001,200,0.04999
LJ500_R151_C088,norte,4001,200,0.04999
LJ500_R152_C018,norte,4001,200,0.04999
LJ500_R152_C030,norte,4001,200,0.04999
LJ500_R152_C036,norte,4001,200,0.04999
LJ500_R152_C050,norte,4001,200,0.04999
LJ500_R152_C071,norte,4001,200,0.04999
LJ500_R153_C028,norte,4001,200,0.04999
LJ500_R153_C034,norte,4001,200,0.04999
LJ500_R153_C037,norte,4001,200,0.04999
LJ500_R153_C062,norte,4001,200,0.04999
LJ500_R153_C070,norte,4001,200,0.04999
LJ500_R153_C071,norte,4001,200,0.04999
LJ500_R153_C078,norte,4001,200,0.04999
LJ500_R153_C088,norte,4001,200,0.04999
LJ500_R154_C005,norte,4001,200,0.04999
LJ500_R154_C020,norte,4001,200,0.04999
LJ500_R154_C043,norte,4001,200,0.04999
LJ500_R154_C066,norte,4001,200,0.04999
LJ500_R155_C016,norte,4001,200,0.04999
LJ500_R155_C017,norte,4001,200,0.04999
LJ500_R155_C026,norte,4001,200,0.04999
LJ500_R156_C014,norte,4001,200,0.04999
LJ500_R156_C029,norte,4001,200,0.04999
LJ500_R156_C049,norte,4001,200,0.04999
LJ500_R156_C072,norte,4001,200,0.04999
LJ500_R157_C001,norte,4001,200,0.04999
LJ500_R157_C032,norte,4001,200,0.04999
LJ500_R157_C059,norte,4001,200,0.04999
LJ500_R157_C067,norte,4001,200,0.04999
LJ500_R158_C005,norte,4001,200,0.04999
LJ500_R159_C005,norte,4001,200,0.04999
LJ500_R159_C008,norte,4001,200,0.04999
LJ500_R159_C044,norte,4001,200,0.04999
LJ500_R159_C051,norte,4001,200,0.04999
LJ500_R159_C072,norte,4001,200,0.04999
LJ500_R159_C076,norte,4001,200,0.04999
LJ500_R160_C064,norte,4001,200,0.04999
LJ500_R161_C073,norte,4001,200,0.04999
LJ500_R162_C062,norte,4001,200,0.04999
LJ500_R162_C077,norte,4001,200,0.04999
LJ500_R163_C034,norte,4001,200,0.04999
LJ500_R163_C039,norte,4001,200,0.04999
LJ500_R163_C069,norte,4001,200,0.04999
LJ500_R163_C079,norte,4001,200,0.04999
LJ500_R164_C047,norte,4001,200,0.04999
LJ500_R164_C050,norte,4001,200,0.04999
LJ500_R164_C070,norte,4001,200,0.04999
LJ500_R164_C073,norte,4001,200,0.04999
LJ500_R165_C048,norte,4001,200,0.04999
LJ500_R166_C041,norte,4001,200,0.04999
LJ500_R166_C080,norte,4001,200,0.04999
LJ500_R167_C033,norte,4001,200,0.04999
LJ500_R168_C050,norte,4001,200,0.04999
LJ500_R169_C032,norte,4001,200,0.04999
LJ500_R169_C034,norte,4001,200,0.04999
LJ500_R169_C079,norte,4001,200,0.04999
LJ500_R170_C057,norte,4001,200,0.04999
LJ500_R171_C046,norte,4001,200,0.04999
LJ500_R171_C064,norte,4001,200,0.04999
LJ500_R171_C072,norte,4001,200,0.04999
LJ500_R172_C048,norte,4001,200,0.04999
LJ500_R172_C060,norte,4001,200,0.04999
LJ500_R173_C067,norte,4001,200,0.04999
LJ500_R174_C060,norte,4001,200,0.04999
LJ500_R174_C069,norte,4001,200,0.04999
LJ500_R174_C070,norte,4001,200,0.04999
LJ500_R174_C074,norte,4001,200,0.04999
LJ500_R175_C050,norte,4001,200,0.04999
LJ500_R175_C053,norte,4001,200,0.04999
LJ500_R175_C063,norte,4001,200,0.04999
LJ500_R176_C031,norte,4001,200,0.04999
LJ500_R176_C043,norte,4001,200,0.04999
LJ500_R176_C055,norte,4001,200,0.04999
LJ500_R176_C064,norte,4001,200,0.04999
LJ500_R177_C046,norte,4001,200,0.04999
LJ500_R177_C058,norte,4001,200,0.04999
LJ500_R177_C061,norte,4001,200,0.04999
LJ500_R178_C037,norte,4001,200,0.04999
LJ500_R179_C057,norte,4001,200,0.04999
LJ500_R179_C066,norte,4001,200,0.04999
LJ500_R180_C041,norte,4001,200,0.04999
LJ500_R180_C067,norte,4001,200,0.04999
LJ500_R180_C070,norte,4001,200,0.04999
LJ500_R182_C042,norte,4001,200,0.04999
LJ500_R182_C056,norte,4001,200,0.04999
LJ500_R182_C060,norte,4001,200,0.04999
LJ500_R183_C061,norte,4001,200,0.04999
LJ500_R183_C069,norte,4001,200,0.04999
LJ500_R183_C070,norte,4001,200,0.04999
