cell_id,zona,fila,columna,centro_x_m,centro_y_m,area_dentro_loja_ha,fraccion_dentro_loja,es_celda_completa,alos_elevacion_m_mean,alos_elevacion_m_std,alos_pendiente_grados_mean,alos_northness_mean,alos_eastness_mean,ghsl_distancia_asentamiento_m_mean,osm_distancia_vias_m_mean,ghsl_presencia_construida_100m_prop_soporte_presente,osm_presencia_vial_100m_prop_soporte_presente,alos_elevacion_m_coverage,ghsl_distancia_asentamiento_m_coverage,osm_distancia_vias_m_coverage,meses_validos,meses_con_incendio,incendio_2019_2024
LJ500_R003_C075,sur,3,75,698750,9502750,25.0,1.0,True,3249.78,42.15,16.96,0.1865,-0.7849,6307.93,6728.3,0.0,0.0,1.0,1.0,1.0,69,0,0
LJ500_R004_C055,sur,4,55,688750,9503250,18.3,0.732,False,3410.04,55.55,26.66,0.6267,-0.2836,7436.89,9949.06,0.0,0.0,0.9885,1.0,1.0,69,0,0
LJ500_R004_C073,sur,4,73,697750,9503250,25.0,1.0,True,3392.05,50.82,27.48,-0.1201,0.4751,6175.76,7643.3,0.0,0.0,0.98,1.0,1.0,69,0,0
LJ500_R005_C072,sur,5,72,697250,9503750,25.0,1.0,True,3538.98,51.28,25.64,0.474,-0.0115,5969.92,8106.79,0.0,0.0,1.0,1.0,1.0,69,0,0
LJ500_R005_C078,sur,5,78,700250,9503750,0.029,0.0012,False,,,,,,,,,,0.0,0.0,0.0,0,0,0
LJ500_R006_C072,sur,6,72,697250,9504250,25.0,1.0,True,3426.6,68.38,26.22,0.467,-0.0784,5548.87,8100.25,0.0,0.0,1.0,1.0,1.0,69,0,0
LJ500_R006_C077,sur,6,77,699750,9504250,25.0,1.0,True,3340.3,49.54,24.02,0.0486,-0.4869,4641.12,5600.36,0.0,0.0,0.98,1.0,1.0,69,0,0
LJ500_R007_C058,sur,7,58,690250,9504750,6.2851,0.2514,False,3365.77,11.13,12.56,0.3179,-0.1428,6001.94,11290.21,0.0,0.0,0.9952,1.0,1.0,69,0,0
LJ500_R007_C069,sur,7,69,695750,9504750,25.0,1.0,True,3007.64,79.15,32.68,0.6941,-0.1233,6163.6,9558.14,0.0,0.0,0.98,1.0,1.0,69,0,0
LJ500_R007_C073,sur,7,73,697750,9504750,25.0,1.0,True,3271.47,66.99,28.78,0.4654,0.4295,4856.95,7601.87,0.0,0.0,0.98,1.0,1.0,69,0,0
LJ500_R009_C066,sur,9,66,694250,9505750,25.0,1.0,True,2982.25,74.71,28.23,-0.7438,0.4255,6652.65,10819.89,0.0,0.0,1.0,1.0,1.0,69,0,0
LJ500_R009_C082,sur,9,82,702250,9505750,25.0,1.0,True,3166.5,77.23,34.3,0.5746,-0.3339,3587.48,3119.86,0.0,0.0,1.0,1.0,1.0,69,0,0
LJ500_R010_C064,sur,10,64,693250,9506250,25.0,1.0,True,3101.02,60.02,28.08,0.3326,0.4835,5854.06,11734.52,0.0,0.0,0.98,1.0,1.0,69,0,0
LJ500_R011_C061,sur,11,61,691750,9506750,25.0,1.0,True,2894.57,79.49,29.2,0.6201,-0.6138,4942.67,12774.68,0.0,0.0,1.0,1.0,1.0,69,0,0
LJ500_R011_C080,sur,11,80,701250,9506750,25.0,1.0,True,2822.66,66.26,31.81,0.2583,0.4025,2251.67,3751.0,0.0,0.0,0.98,1.0,1.0,69,0,0
LJ500_R011_C081,sur,11,81,701750,9506750,25.0,1.0,True,2813.26,68.78,31.55,0.32,-0.4737,2473.87,3258.84,0.0,0.0,1.0,1.0,1.0,69,0,0
LJ500_R011_C082,sur,11,82,702250,9506750,25.0,1.0,True,2849.6,57.2,29.81,0.4359,-0.0466,2769.48,2769.48,0.0,0.0,1.0,1.0,1.0,69,0,0
LJ500_R013_C059,sur,13,59,690750,9507750,25.0,1.0,True,2779.66,51.25,26.44,0.3668,0.5109,3553.87,11607.92,0.0,0.0,0.9604,1.0,1.0,69,0,0
LJ500_R013_C060,sur,13,60,691250,9507750,25.0,1.0,True,2767.56,52.13,22.01,0.6352,0.4142,3843.54,11811.44,0.0,0.0,0.98,1.0,1.0,69,0,0
LJ500_R015_C057,sur,15,57,689750,9508750,25.0,1.0,True,3039.67,69.7,31.23,-0.2527,0.4902,2197.73,10313.1,0.0,0.0,1.0,1.0,1.0,69,0,0
LJ500_R015_C062,sur,15,62,692250,9508750,25.0,1.0,True,2533.28,81.07,31.68,0.2573,-0.8299,3181.2,11365.09,0.0,0.0,0.98,1.0,1.0,69,0,0
LJ500_R016_C057,sur,16,57,689750,9509250,25.0,1.0,True,2941.27,61.0,30.0,0.4793,0.3002,1755.0,9844.29,0.0,0.0,0.98,1.0,1.0,69,0,0
LJ500_R016_C072,sur,16,72,697250,9509250,25.0,1.0,True,2597.96,84.07,30.94,-0.3951,0.8372,3128.9,6872.41,0.0,0.0,0.98,1.0,1.0,69,1,1
LJ500_R016_C079,sur,16,79,700750,9509250,25.0,1.0,True,2132.26,62.74,29.02,0.141,-0.5163,519.8,3782.86,0.0,0.0,0.98,1.0,1.0,69,0,0
LJ500_R016_C080,sur,16,80,701250,9509250,25.0,1.0,True,2204.22,48.92,29.54,0.4079,-0.0359,905.63,3400.0,0.0,0.0,0.9604,1.0,1.0,69,0,0
LJ500_R017_C059,sur,17,59,690750,9509750,25.0,1.0,True,2595.02,85.68,32.89,0.4518,0.4254,1892.09,9795.92,0.0,0.0,0.98,1.0,1.0,69,1,1
LJ500_R017_C070,sur,17,70,696250,9509750,25.0,1.0,True,3025.37,69.84,34.85,-0.253,-0.0769,4193.79,7666.81,0.0,0.0,1.0,1.0,1.0,69,1,1
LJ500_R017_C071,sur,17,71,696750,9509750,25.0,1.0,True,2963.3,65.16,33.9,-0.2938,0.3295,3713.49,7185.4,0.0,0.0,0.98,1.0,1.0,69,1,1
LJ500_R017_C072,sur,17,72,697250,9509750,25.0,1.0,True,2760.26,105.55,35.2,-0.6004,0.6733,3231.1,6706.71,0.0,0.0,1.0,1.0,1.0,69,3,1
LJ500_R017_C075,sur,17,75,698750,9509750,25.0,1.0,True,2330.88,59.67,24.92,-0.8148,0.0399,1841.2,5294.34,0.0,0.0,1.0,1.0,1.0,69,2,1
LJ500_R018_C078,sur,18,78,700250,9510250,25.0,1.0,True,2067.48,70.51,30.57,0.079,0.6374,1410.01,3718.87,0.0,0.0,1.0,1.0,1.0,69,2,1
LJ500_R019_C065,sur,19,65,693750,9510750,25.0,1.0,True,2768.55,64.85,28.66,0.3049,-0.5956,2338.68,8997.22,0.0,0.0,0.9604,1.0,1.0,69,0,0
LJ500_R019_C076,sur,19,76,699250,9510750,25.0,1.0,True,2337.99,67.11,27.37,0.7146,-0.0181,1917.54,4514.42,0.0,0.0,0.98,1.0,1.0,69,3,1
LJ500_R019_C081,sur,19,81,701750,9510750,25.0,1.0,True,2076.51,65.7,27.53,-0.305,-0.6958,2294.0,2148.47,0.0,0.0,0.98,1.0,1.0,69,0,0
LJ500_R019_C089,sur,19,89,705750,9510750,25.0,1.0,True,2534.46,53.37,30.39,-0.017,-0.4332,1902.65,158.84,0.0,0.2,0.9604,1.0,1.0,69,0,0
LJ500_R020_C074,sur,20,74,698250,9511250,25.0,1.0,True,2347.82,53.13,27.58,0.0361,0.7095,2144.76,5424.94,0.0,0.0,0.98,1.0,1.0,69,2,1
LJ500_R020_C077,sur,20,77,699750,9511250,25.0,1.0,True,2097.55,72.9,28.4,0.4695,0.7041,1322.94,3934.47,0.0,0.0,0.98,1.0,1.0,69,2,1
LJ500_R021_C071,sur,21,71,696750,9511750,25.0,1.0,True,2366.22,79.17,34.47,0.105,0.6047,3184.03,6836.96,0.0,0.0,0.98,1.0,1.0,69,1,1
LJ500_R022_C069,sur,22,69,695750,9512250,25.0,1.0,True,2640.96,67.27,33.37,-0.0591,-0.2819,2889.64,6913.75,0.0,0.0,0.98,1.0,1.0,69,1,1
LJ500_R022_C074,sur,22,74,698250,9512250,25.0,1.0,True,2329.7,60.79,26.95,0.3689,0.6366,1728.85,5285.56,0.0,0.0,0.9604,1.0,1.0,69,1,1
LJ500_R024_C074,sur,24,74,698250,9513250,25.0,1.0,True,2084.82,82.34,33.91,0.6625,-0.1213,1072.39,4872.37,0.0,0.0,0.98,1.0,1.0,69,2,1
LJ500_R024_C084,sur,24,84,703250,9513250,25.0,1.0,True,2045.56,56.99,26.52,-0.2997,0.571,905.63,886.56,0.0,0.0,1.0,1.0,1.0,69,2,1
LJ500_R024_C085,sur,24,85,703750,9513250,25.0,1.0,True,2030.97,37.32,19.05,0.5519,-0.203,519.8,455.7,0.0,0.0,1.0,1.0,1.0,69,2,1
LJ500_R024_C087,sur,24,87,704750,9513250,25.0,1.0,True,2090.97,29.08,12.26,0.6562,0.0152,542.88,87.57,0.0,0.36,1.0,1.0,1.0,69,0,0
LJ500_R025_C056,sur,25,56,689250,9513750,25.0,1.0,True,2657.01,91.03,33.79,0.8037,0.445,2124.63,5577.63,0.0,0.0,0.9604,1.0,1.0,69,1,1
LJ500_R025_C061,sur,25,61,691750,9513750,25.0,1.0,True,2412.69,59.41,24.92,-0.577,0.6339,1449.15,7078.14,0.0,0.0,0.98,1.0,1.0,69,0,0
LJ500_R026_C080,sur,26,80,701250,9514250,25.0,1.0,True,2480.36,72.69,27.09,-0.0239,-0.6479,1601.96,1714.66,0.0,0.0,0.98,1.0,1.0,69,0,0
LJ500_R027_C061,sur,27,61,691750,9514750,25.0,1.0,True,2572.98,62.64,26.01,-0.456,0.6183,1396.44,6371.81,0.0,0.0,1.0,1.0,1.0,69,0,0
LJ500_R027_C063,sur,27,63,692750,9514750,25.0,1.0,True,2470.11,76.61,34.0,-0.3077,-0.3527,1816.62,6298.41,0.0,0.0,1.0,1.0,1.0,69,1,1
LJ500_R027_C071,sur,27,71,696750,9514750,25.0,1.0,True,2218.88,102.21,37.63,0.5128,-0.4702,1529.73,4260.28,0.0,0.0,0.98,1.0,1.0,69,1,1
LJ500_R027_C076,sur,27,76,699250,9514750,25.0,1.0,True,1716.59,25.68,17.36,0.1423,0.2556,603.51,3528.55,0.0,0.0,1.0,1.0,1.0,69,0,0
LJ500_R028_C080,sur,28,80,701250,9515250,25.0,1.0,True,2391.26,58.16,27.61,0.3364,0.5045,1347.81,1555.17,0.0,0.0,0.9604,1.0,1.0,69,1,1
LJ500_R029_C074,sur,29,74,698250,9515750,25.0,1.0,True,1681.77,16.75,10.34,0.2668,-0.0523,236.05,2998.56,0.08,0.0,0.98,1.0,1.0,69,0,0
LJ500_R029_C081,sur,29,81,701750,9515750,25.0,1.0,True,2186.33,37.44,26.75,0.3632,0.0761,655.8,932.91,0.0,0.0,1.0,1.0,1.0,69,1,1
LJ500_R030_C060,sur,30,60,691250,9516250,25.0,1.0,True,2563.18,80.3,32.66,-0.7136,-0.0131,1000.0,5049.75,0.0,0.0,1.0,1.0,1.0,69,0,0
LJ500_R030_C063,sur,30,63,692750,9516250,25.0,1.0,True,2283.63,53.96,28.62,0.4177,-0.0348,2313.02,5161.98,0.0,0.0,1.0,1.0,1.0,69,1,1
LJ500_R031_C055,sur,31,55,688750,9516750,25.0,1.0,True,2849.08,47.44,28.44,0.2471,0.0372,1989.11,2846.05,0.0,0.0,0.98,1.0,1.0,69,1,1
LJ500_R031_C083,sur,31,83,702750,9516750,25.0,1.0,True,1954.9,55.33,24.04,0.1059,-0.6482,127.83,107.91,0.2,0.36,0.9604,1.0,1.0,69,0,0
LJ500_R032_C072,sur,32,72,697250,9517250,25.0,1.0,True,1700.24,64.18,28.02,0.3881,-0.2146,953.98,1717.59,0.0,0.0,1.0,1.0,1.0,69,1,1
LJ500_R033_C052,sur,33,52,687250,9517750,24.55,0.982,False,3029.82,40.49,19.53,0.2805,0.4177,529.63,1170.81,0.0,0.0,1.0,1.0,1.0,69,1,1
LJ500_R033_C078,sur,33,78,700250,9517750,25.0,1.0,True,1979.59,63.18,29.25,0.5066,0.5423,512.58,452.33,0.0,0.0,1.0,1.0,1.0,69,1,1
LJ500_R033_C079,sur,33,79,700750,9517750,25.0,1.0,True,1869.9,80.3,32.03,0.6328,0.2556,487.28,236.1,0.0,0.08,1.0,1.0,1.0,69,1,1
LJ500_R034_C053,sur,34,53,687750,9518250,25.0,1.0,True,2777.04,84.37,35.02,0.1291,0.7651,426.55,1064.91,0.0,0.0,0.9604,1.0,1.0,69,1,1
LJ500_R034_C062,sur,34,62,692250,9518250,25.0,1.0,True,2682.85,102.21,39.98,0.6259,0.0112,3086.2,4122.66,0.0,0.0,0.9604,1.0,1.0,69,0,0
LJ500_R034_C091,sur,34,91,706750,9518250,25.0,1.0,True,2369.38,45.15,28.56,-0.1275,-0.3485,1558.88,4222.1,0.0,0.0,0.98,1.0,1.0,69,0,0
LJ500_R035_C080,sur,35,80,701250,9518750,25.0,1.0,True,1936.71,44.78,21.25,-0.4844,0.285,147.85,112.48,0.12,0.28,0.98,1.0,1.0,69,2,1
LJ500_R035_C083,sur,35,83,702750,9518750,25.0,1.0,True,2267.18,96.77,33.74,-0.5579,-0.6094,1017.06,888.91,0.0,0.0,0.98,1.0,1.0,69,0,0
LJ500_R035_C086,sur,35,86,704250,9518750,25.0,1.0,True,2179.12,76.77,31.99,-0.6569,-0.3108,1352.78,2085.67,0.0,0.0,0.98,1.0,1.0,69,1,1
LJ500_R035_C093,sur,35,93,707750,9518750,25.0,1.0,True,2747.09,74.76,31.45,-0.7398,-0.2635,2660.83,5317.9,0.0,0.0,1.0,1.0,1.0,69,0,0
LJ500_R036_C086,sur,36,86,704250,9519250,25.0,1.0,True,2441.31,77.64,29.24,-0.5901,-0.4171,1726.27,2384.92,0.0,0.0,0.98,1.0,1.0,69,1,1
LJ500_R037_C070,sur,37,70,696250,9519750,25.0,1.0,True,1649.18,19.21,12.81,0.4095,0.3002,45.66,416.09,0.56,0.0,0.98,1.0,1.0,69,2,1
LJ500_R037_C071,sur,37,71,696750,9519750,25.0,1.0,True,1599.49,8.1368,4.6487,0.262,0.3463,247.5,437.65,0.0,0.0,0.9604,1.0,1.0,69,2,1
LJ500_R037_C073,sur,37,73,697750,9519750,25.0,1.0,True,1777.2,67.96,35.06,-0.1838,-0.3646,348.42,402.81,0.0,0.0,0.98,1.0,1.0,69,1,1
LJ500_R037_C090,sur,37,90,706250,9519750,25.0,1.0,True,2745.26,56.65,28.51,-0.1749,0.2805,2151.75,4306.97,0.0,0.0,0.98,1.0,1.0,69,0,0
LJ500_R038_C052,sur,38,52,687250,9520250,25.0,1.0,True,2689.31,42.66,26.02,0.2677,-0.2287,932.75,1149.0,0.0,0.0,1.0,1.0,1.0,69,2,1
LJ500_R038_C061,sur,38,61,691750,9520250,25.0,1.0,True,2094.23,60.96,28.12,-0.2557,0.6874,3382.65,3722.03,0.0,0.0,1.0,1.0,1.0,69,1,1
LJ500_R040_C051,sur,40,51,686750,9521250,25.0,1.0,True,2513.15,83.93,30.83,0.1324,0.6731,1149.0,2114.25,0.0,0.0,0.98,1.0,1.0,69,1,1
LJ500_R040_C069,sur,40,69,695750,9521250,25.0,1.0,True,1582.89,12.03,6.2276,0.3761,0.4575,175.17,206.16,0.16,0.16,0.98,1.0,1.0,69,1,1
LJ500_R040_C076,sur,40,76,699250,9521250,25.0,1.0,True,1688.85,19.63,12.65,0.2123,-0.2361,212.57,193.62,0.08,0.16,0.98,1.0,1.0,69,0,0
LJ500_R040_C091,sur,40,91,706750,9521250,25.0,1.0,True,2604.56,83.1,31.15,0.9112,-0.1486,2930.88,5251.67,0.0,0.0,0.98,1.0,1.0,69,0,0
LJ500_R041_C057,sur,41,57,689750,9521750,25.0,1.0,True,1960.39,66.84,41.49,0.0083,0.0046,2066.41,3393.9,0.0,0.0,1.0,1.0,1.0,69,1,1
LJ500_R041_C080,sur,41,80,701250,9521750,25.0,1.0,True,2003.12,77.26,30.96,-0.2443,-0.7759,765.79,1568.44,0.0,0.0,0.98,1.0,1.0,69,2,1
LJ500_R042_C058,sur,42,58,690250,9522250,25.0,1.0,True,2156.9,107.76,37.46,-0.7021,0.4181,2707.64,2694.29,0.0,0.0,1.0,1.0,1.0,69,0,0
LJ500_R042_C066,sur,42,66,694250,9522250,25.0,1.0,True,1595.25,61.64,21.23,-0.2221,0.42,884.91,1004.07,0.0,0.0,1.0,1.0,1.0,69,1,1
LJ500_R042_C080,sur,42,80,701250,9522250,25.0,1.0,True,1931.89,63.59,24.93,0.7807,-0.4326,376.8,1799.71,0.0,0.0,0.98,1.0,1.0,69,1,1
LJ500_R043_C049,sur,43,49,685750,9522750,24.25,0.97,False,2302.11,74.14,29.27,-0.5603,-0.6725,2768.19,1571.56,0.0,0.0,0.9829,1.0,1.0,69,2,1
LJ500_R043_C062,sur,43,62,692250,9522750,25.0,1.0,True,1753.68,96.59,35.4,0.5955,0.4517,1140.18,1307.06,0.0,0.0,0.9604,1.0,1.0,69,1,1
LJ500_R043_C077,sur,43,77,699750,9522750,25.0,1.0,True,1806.78,52.1,26.6,-0.5101,-0.0157,315.35,665.58,0.0,0.0,0.9604,1.0,1.0,69,2,1
LJ500_R043_C092,sur,43,92,707250,9522750,25.0,1.0,True,2904.56,75.07,32.32,-0.2367,-0.7285,3576.31,6315.06,0.0,0.0,0.9604,1.0,1.0,69,0,0
LJ500_R044_C054,sur,44,54,688250,9523250,25.0,1.0,True,1929.38,70.37,34.01,0.2193,0.4624,2338.81,3690.7,0.0,0.0,1.0,1.0,1.0,69,0,0
LJ500_R044_C057,sur,44,57,689750,9523250,25.0,1.0,True,1961.66,71.78,34.0,0.1225,-0.4658,2477.65,2422.81,0.0,0.0,1.0,1.0,1.0,69,1,1
LJ500_R044_C066,sur,44,66,694250,9523250,25.0,1.0,True,1624.37,25.79,20.9,0.1691,-0.1278,681.02,147.85,0.0,0.2,1.0,1.0,1.0,69,0,0
LJ500_R044_C094,sur,44,94,708250,9523250,25.0,1.0,True,3340.43,76.63,29.56,-0.5937,-0.5781,4684.02,7431.69,0.0,0.0,1.0,1.0,1.0,69,0,0
LJ500_R045_C052,sur,45,52,687250,9523750,25.0,1.0,True,2280.36,76.22,30.93,-0.5138,0.6892,2867.06,2800.36,0.0,0.0,1.0,1.0,1.0,69,1,1
LJ500_R045_C056,sur,45,56,689250,9523750,25.0,1.0,True,1769.77,59.6,31.12,0.2836,-0.2805,2559.3,2696.3,0.0,0.0,0.98,1.0,1.0,69,1,1
LJ500_R046_C058,sur,46,58,690250,9524250,25.0,1.0,True,2025.26,60.63,25.08,0.7538,-0.3807,1449.15,1604.53,0.0,0.0,0.98,1.0,1.0,69,0,0
LJ500_R047_C080,sur,47,80,701250,9524750,25.0,1.0,True,2189.72,47.18,25.68,0.1628,0.3054,1244.21,2595.47,0.0,0.0,0.98,1.0,1.0,69,1,1
LJ500_R047_C082,sur,47,82,702250,9524750,25.0,1.0,True,2306.12,73.45,27.28,-0.6586,-0.3709,1310.7,3247.17,0.0,0.0,1.0,1.0,1.0,69,0,0
LJ500_R047_C087,sur,47,87,704750,9524750,25.0,1.0,True,2311.94,94.84,32.95,-0.6743,-0.3027,1288.42,5079.37,0.0,0.0,1.0,1.0,1.0,69,0,0
LJ500_R047_C090,sur,47,90,706250,9524750,25.0,1.0,True,2639.19,74.94,29.41,-0.8553,-0.1644,2511.98,6399.22,0.0,0.0,1.0,1.0,1.0,69,0,0
LJ500_R047_C095,sur,47,95,708750,9524750,25.0,1.0,True,3324.04,44.67,21.5,-0.2329,-0.5731,4905.1,8634.74,0.0,0.0,0.98,1.0,1.0,69,0,0
LJ500_R048_C072,sur,48,72,697250,9525250,25.0,1.0,True,1921.45,30.81,24.87,0.1976,0.1028,575.11,135.25,0.0,0.28,1.0,1.0,1.0,69,1,1
LJ500_R049_C074,sur,49,74,698250,9525750,25.0,1.0,True,1991.7,58.52,25.05,0.3644,-0.4276,301.9,246.84,0.0,0.0,0.9604,1.0,1.0,69,1,1
LJ500_R049_C081,sur,49,81,701750,9525750,25.0,1.0,True,2017.11,78.73,30.17,0.2603,-0.8113,818.62,2144.76,0.0,0.0,0.98,1.0,1.0,69,0,0
LJ500_R049_C082,sur,49,82,702250,9525750,25.0,1.0,True,2167.56,80.57,33.47,0.716,0.231,988.72,2479.92,0.0,0.0,0.98,1.0,1.0,69,0,0
LJ500_R049_C097,sur,49,97,709750,9525750,24.99,0.9996,False,3351.32,48.24,19.23,0.3837,-0.7325,4697.66,9455.06,0.0,0.0,0.9803,1.0,1.0,69,0,0
LJ500_R050_C050,sur,50,50,686250,9526250,25.0,1.0,True,2291.62,71.52,27.49,-0.4979,-0.7066,2749.55,2424.87,0.0,0.0,0.98,1.0,1.0,69,1,1
LJ500_R050_C061,sur,50,61,691750,9526250,25.0,1.0,True,1640.26,57.58,30.13,-0.4303,-0.3534,655.8,428.34,0.0,0.0,1.0,1.0,1.0,69,0,0
LJ500_R050_C072,sur,50,72,697250,9526250,25.0,1.0,True,1744.51,27.54,16.74,0.3608,0.1446,259.02,110.17,0.0,0.28,1.0,1.0,1.0,69,1,1
LJ500_R050_C079,sur,50,79,700750,9526250,25.0,1.0,True,1763.74,46.52,21.3,0.6458,0.297,206.88,1228.45,0.04,0.0,1.0,1.0,1.0,69,0,0
LJ500_R050_C085,sur,50,85,703750,9526250,25.0,1.0,True,2071.99,50.73,27.27,0.2847,-0.204,464.18,3514.26,0.0,0.0,1.0,1.0,1.0,69,0,0
LJ500_R050_C095,sur,50,95,708750,9526250,25.0,1.0,True,3225.82,39.08,22.89,0.1619,-0.3025,4675.03,8387.49,0.0,0.0,0.98,1.0,1.0,69,0,0
LJ500_R051_C072,sur,51,72,697250,9526750,25.0,1.0,True,1698.25,16.67,12.81,0.3664,-0.0209,80.97,98.86,0.36,0.28,1.0,1.0,1.0,69,0,0
LJ500_R052_C053,sur,52,53,687750,9527250,25.0,1.0,True,2090.14,59.17,32.83,-0.053,0.2627,2126.43,2130.08,0.0,0.0,0.9604,1.0,1.0,69,1,1
LJ500_R052_C070,sur,52,70,696250,9527250,25.0,1.0,True,1723.97,41.64,23.37,0.0204,0.4731,516.65,557.35,0.0,0.0,0.98,1.0,1.0,69,0,0
LJ500_R052_C075,sur,52,75,698750,9527250,25.0,1.0,True,1720.47,51.95,24.2,0.2665,0.6743,250.73,297.3,0.04,0.04,0.98,1.0,1.0,69,1,1
LJ500_R052_C078,sur,52,78,700250,9527250,25.0,1.0,True,1700.49,39.54,22.89,0.034,-0.3752,105.23,169.93,0.28,0.24,0.98,1.0,1.0,69,0,0
LJ500_R052_C082,sur,52,82,702250,9527250,25.0,1.0,True,2149.12,71.29,29.73,-0.0576,-0.7452,828.72,1816.62,0.0,0.0,0.98,1.0,1.0,69,0,0
LJ500_R053_C084,sur,53,84,703250,9527750,25.0,1.0,True,2372.66,72.63,28.38,0.7998,-0.248,236.05,2819.58,0.08,0.0,1.0,1.0,1.0,69,0,0
LJ500_R054_C048,sur,54,48,685250,9528250,13.9,0.5561,False,1931.37,44.69,29.22,-0.0249,-0.8703,2253.04,1995.33,0.0,0.0,1.0,0.6403,0.6403,69,1,1
LJ500_R054_C061,sur,54,61,691750,9528250,25.0,1.0,True,1948.28,40.33,24.15,0.1167,0.3521,1147.1,1561.9,0.0,0.0,1.0,1.0,1.0,69,0,0
LJ500_R054_C070,sur,54,70,696250,9528250,25.0,1.0,True,1774.03,37.05,21.46,-0.3246,0.6304,535.04,544.15,0.0,0.0,1.0,1.0,1.0,69,0,0
LJ500_R055_C049,sur,55,49,685750,9528750,25.0,1.0,True,2152.35,74.53,30.22,-0.2956,-0.7628,2910.33,2643.86,0.0,0.0,0.98,1.0,1.0,69,2,1
LJ500_R056_C077,sur,56,77,699750,9529250,25.0,1.0,True,1865.37,48.75,26.03,-0.079,-0.3952,925.73,379.14,0.0,0.0,0.98,1.0,1.0,69,0,0
LJ500_R056_C078,sur,56,78,700250,9529250,25.0,1.0,True,1962.94,57.79,23.73,-0.421,-0.5318,900.39,809.87,0.0,0.0,1.0,1.0,1.0,69,0,0
LJ500_R056_C079,sur,56,79,700750,9529250,25.0,1.0,True,2160.85,71.32,28.16,0.284,-0.8123,964.59,1272.84,0.0,0.0,1.0,1.0,1.0,69,1,1
LJ500_R057_C076,sur,57,76,699250,9529750,25.0,1.0,True,1826.99,52.07,27.12,-0.4011,-0.0416,978.28,252.0,0.0,0.08,1.0,1.0,1.0,69,0,0
LJ500_R058_C059,sur,58,59,690750,9530250,25.0,1.0,True,1471.4,46.91,25.1,0.0594,-0.1582,152.06,115.57,0.08,0.24,0.9604,1.0,1.0,69,0,0
LJ500_R058_C067,sur,58,67,694750,9530250,25.0,1.0,True,1496.13,10.38,7.5812,0.046,-0.1648,44.97,85.66,0.6,0.36,0.98,1.0,1.0,69,1,1
LJ500_R058_C086,sur,58,86,704250,9530250,25.0,1.0,True,2539.9,86.79,32.13,-0.8152,0.2349,905.63,4403.41,0.0,0.0,0.9604,1.0,1.0,69,1,1
LJ500_R059_C062,sur,59,62,692250,9530750,25.0,1.0,True,1516.96,35.58,17.72,-0.4419,0.5169,61.91,83.83,0.52,0.44,0.98,1.0,1.0,69,0,0
LJ500_R059_C068,sur,59,68,695250,9530750,25.0,1.0,True,1640.95,43.65,22.26,-0.6427,-0.0621,336.96,319.6,0.0,0.0,0.98,1.0,1.0,69,1,1
LJ500_R059_C084,sur,59,84,703250,9530750,25.0,1.0,True,2625.84,70.47,27.67,0.7289,-0.0309,932.91,3292.42,0.0,0.0,1.0,1.0,1.0,69,1,1
LJ500_R059_C085,sur,59,85,703750,9530750,25.0,1.0,True,2666.45,68.89,32.11,0.4181,-0.0631,959.29,3766.96,0.0,0.0,1.0,1.0,1.0,69,1,1
LJ500_R060_C060,sur,60,60,691250,9531250,25.0,1.0,True,1894.86,49.33,27.07,-0.19,0.1546,837.3,924.15,0.0,0.0,1.0,1.0,1.0,69,0,0
LJ500_R062_C057,sur,62,57,689750,9532250,25.0,1.0,True,1477.66,54.63,22.37,-0.6875,0.3219,161.93,154.9,0.2,0.24,1.0,1.0,1.0,69,1,1
LJ500_R062_C096,sur,62,96,709250,9532250,25.0,1.0,True,3268.99,44.15,20.13,-0.493,-0.3584,3044.14,9106.04,0.0,0.0,1.0,1.0,1.0,69,0,0
LJ500_R063_C051,sur,63,51,686750,9532750,25.0,1.0,True,1894.89,77.35,27.73,0.1731,0.5296,2082.32,2178.06,0.0,0.0,1.0,1.0,1.0,69,0,0
LJ500_R064_C071,sur,64,71,696750,9533250,25.0,1.0,True,1637.35,30.87,16.65,0.5479,-0.2695,175.92,631.44,0.08,0.0,0.9604,1.0,1.0,69,0,0
LJ500_R064_C091,sur,64,91,706750,9533250,25.0,1.0,True,2560.78,111.47,35.9,0.3934,-0.6018,4740.25,6728.3,0.0,0.0,0.98,1.0,1.0,69,0,0
LJ500_R065_C050,sur,65,50,686250,9533750,25.0,1.0,True,1770.83,44.59,25.26,0.5102,-0.0526,1277.36,1367.49,0.0,0.0,0.98,1.0,1.0,69,0,0
LJ500_R065_C052,sur,65,52,687250,9533750,25.0,1.0,True,1460.04,77.06,28.26,0.4809,0.6269,1739.04,2081.15,0.0,0.0,1.0,1.0,1.0,69,0,0
LJ500_R065_C069,sur,65,69,695750,9533750,25.0,1.0,True,1520.07,10.15,5.3251,0.3955,-0.2547,40.0,176.09,0.6,0.12,1.0,1.0,1.0,69,0,0
LJ500_R066_C055,sur,66,55,688750,9534250,25.0,1.0,True,1769.01,43.37,19.54,0.6943,0.2139,941.49,1914.31,0.0,0.0,1.0,1.0,1.0,69,0,0
LJ500_R067_C063,sur,67,63,692750,9534750,25.0,1.0,True,1586.62,24.17,13.8,-0.4234,0.1262,49.66,285.16,0.56,0.0,0.98,1.0,1.0,69,0,0
LJ500_R067_C066,sur,67,66,694250,9534750,25.0,1.0,True,1556.07,14.95,8.2742,-0.5003,-0.5021,12.0,92.52,0.88,0.32,0.98,1.0,1.0,69,0,0
LJ500_R067_C079,sur,67,79,700750,9534750,25.0,1.0,True,2649.81,75.82,30.64,0.6064,-0.423,1777.66,1928.74,0.0,0.0,0.98,1.0,1.0,69,1,1
LJ500_R068_C053,sur,68,53,687750,9535250,25.0,1.0,True,1646.17,47.98,21.52,-0.2118,0.1942,673.59,900.0,0.0,0.0,0.98,1.0,1.0,69,0,0
LJ500_R068_C057,sur,68,57,689750,9535250,25.0,1.0,True,1692.51,32.17,16.45,-0.0093,0.7024,509.63,607.43,0.0,0.0,1.0,1.0,1.0,69,0,0
LJ500_R068_C061,sur,68,61,691750,9535250,25.0,1.0,True,1606.95,29.47,20.54,-0.2963,0.3223,89.91,416.09,0.36,0.0,1.0,1.0,1.0,69,0,0
LJ500_R068_C066,sur,68,66,694250,9535250,25.0,1.0,True,1599.29,16.6,9.4819,-0.5798,-0.027,36.0,120.09,0.64,0.24,1.0,1.0,1.0,69,0,0
LJ500_R068_C096,sur,68,96,709250,9535250,25.0,1.0,True,3199.32,64.73,25.9,-0.5675,0.0075,2473.87,9581.23,0.0,0.0,1.0,1.0,1.0,69,0,0
LJ500_R069_C062,sur,69,62,692250,9535750,25.0,1.0,True,1625.52,21.53,15.09,-0.4921,-0.0256,51.31,903.52,0.56,0.0,0.98,1.0,1.0,69,0,0
LJ500_R069_C083,sur,69,83,702750,9535750,25.0,1.0,True,2847.97,90.5,34.06,0.7476,-0.4929,2628.69,3961.31,0.0,0.0,0.98,1.0,1.0,69,0,0
LJ500_R069_C098,sur,69,98,710250,9535750,18.11,0.7242,False,3521.79,84.77,36.28,0.0464,-0.6737,1796.37,10612.63,0.0,0.0,0.9801,1.0,1.0,69,0,0
LJ500_R070_C065,sur,70,65,693750,9536250,25.0,1.0,True,1726.35,27.38,12.75,-0.3807,-0.4418,41.66,95.57,0.6,0.36,0.9604,1.0,1.0,69,0,0
LJ500_R070_C073,sur,70,73,697750,9536250,25.0,1.0,True,1719.17,69.26,31.09,-0.535,0.2773,127.77,268.15,0.24,0.04,0.98,1.0,1.0,69,0,0
LJ500_R071_C050,sur,71,50,686250,9536750,24.98,0.9993,False,1411.11,50.65,20.71,0.6926,-0.3932,616.34,78.51,0.0,0.4403,0.98,1.0,1.0,69,1,1
LJ500_R071_C052,sur,71,52,687250,9536750,25.0,1.0,True,1541.61,46.66,25.74,-0.1366,-0.0958,288.74,233.91,0.0,0.12,1.0,1.0,1.0,69,1,1
LJ500_R072_C088,sur,72,88,705250,9537250,25.0,1.0,True,2416.89,79.57,30.77,0.7365,0.0391,3451.09,6697.61,0.0,0.0,1.0,1.0,1.0,69,0,0
LJ500_R073_C052,sur,73,52,687250,9537750,12.96,0.5183,False,1480.04,42.89,30.86,0.7671,-0.3239,457.42,845.22,0.0,0.0,0.9614,0.6141,0.6141,69,0,0
LJ500_R073_C057,sur,73,57,689750,9537750,25.0,1.0,True,1605.0,40.8,19.88,-0.6782,0.0726,533.08,719.75,0.0,0.0,0.98,1.0,1.0,69,0,0
LJ500_R073_C085,sur,73,85,703750,9537750,25.0,1.0,True,2185.39,65.92,36.12,-0.2426,-0.0902,1873.52,5205.77,0.0,0.0,0.98,1.0,1.0,69,0,0
LJ500_R073_C093,sur,73,93,707750,9537750,25.0,1.0,True,3058.01,61.12,29.53,-0.5435,-0.5627,2412.48,9143.67,0.0,0.0,0.98,1.0,1.0,69,0,0
LJ500_R074_C080,sur,74,80,701250,9538250,25.0,1.0,True,2071.97,65.18,27.34,0.6311,0.6229,711.4,2792.85,0.0,0.0,0.98,1.0,1.0,69,0,0
LJ500_R075_C075,sur,75,75,698750,9538750,25.0,1.0,True,1890.15,74.23,29.8,0.0929,-0.8578,430.68,500.31,0.0,0.0,1.0,1.0,1.0,69,0,0
LJ500_R076_C065,sur,76,65,693750,9539250,25.0,1.0,True,2199.56,60.26,29.19,-0.4599,0.4043,655.8,1062.65,0.0,0.0,0.9604,1.0,1.0,69,0,0
LJ500_R076_C084,sur,76,84,703250,9539250,25.0,1.0,True,2354.62,65.19,35.04,0.0541,-0.3515,1631.13,4542.03,0.0,0.0,0.98,1.0,1.0,69,0,0
LJ500_R076_C090,sur,76,90,706250,9539250,25.0,1.0,True,3050.81,103.48,34.94,-0.7881,-0.4953,4207.3,7355.27,0.0,0.0,0.98,1.0,1.0,69,0,0
LJ500_R077_C060,sur,77,60,691250,9539750,25.0,1.0,True,1858.09,61.86,32.93,-0.385,-0.2896,421.85,317.36,0.0,0.04,1.0,1.0,1.0,69,1,1
LJ500_R077_C067,sur,77,67,694750,9539750,25.0,1.0,True,2444.59,53.05,26.76,-0.3137,0.0498,264.35,81.85,0.08,0.44,1.0,1.0,1.0,69,0,0
LJ500_R078_C085,sur,78,85,703750,9540250,25.0,1.0,True,2891.83,89.07,32.93,-0.8677,-0.2791,2420.75,4663.69,0.0,0.0,1.0,1.0,1.0,69,0,0
LJ500_R079_C062,sur,79,62,692250,9540750,25.0,1.0,True,2279.13,92.21,34.01,0.2225,-0.7643,610.34,1474.33,0.0,0.0,0.9604,1.0,1.0,69,0,0
LJ500_R079_C086,sur,79,86,704250,9540750,22.01,0.8805,False,3193.46,65.43,30.72,0.0193,-0.6752,3069.92,4948.36,0.0,0.0,0.9726,1.0,1.0,69,0,0
LJ500_R080_C068,sur,80,68,695250,9541250,25.0,1.0,True,2353.33,62.82,31.07,-0.4761,-0.2974,1245.06,1112.83,0.0,0.0,0.98,1.0,1.0,69,1,1
LJ500_R081_C063,sur,81,63,692750,9541750,2.7069,0.1083,False,2610.23,17.81,19.82,-0.5534,0.2174,453.91,1100.39,0.0,0.0,0.502,1.0,1.0,0,0,0
LJ500_R081_C077,sur,81,77,699750,9541750,25.0,1.0,True,1905.41,61.99,27.26,0.5048,-0.4126,369.18,436.44,0.0,0.0,0.98,1.0,1.0,69,0,0
LJ500_R082_C086,sur,82,86,704250,9542250,22.76,0.9104,False,3204.03,66.83,27.6,-0.5497,-0.7927,4015.14,4782.46,0.0,0.0,0.9671,1.0,1.0,69,0,0
LJ500_R082_C087,sur,82,87,704750,9542250,0.8288,0.0332,False,3282.64,15.2,13.65,-0.8352,-0.4073,4154.82,5100.0,0.0,0.0,0.9662,1.0,1.0,69,0,0
LJ500_R084_C077,sur,84,77,699750,9543250,25.0,1.0,True,1945.82,49.22,24.94,-0.0015,-0.4287,437.64,291.25,0.0,0.0,0.98,1.0,1.0,69,1,1
LJ500_R085_C070,sur,85,70,696250,9543750,1.0229,0.0409,False,2790.99,13.99,29.36,-0.9362,0.306,,,,,0.6455,0.0,0.0,69,0,0
LJ500_R085_C083,sur,85,83,702750,9543750,25.0,1.0,True,2660.86,60.78,31.99,-0.2452,-0.2577,2889.64,3104.52,0.0,0.0,0.9604,1.0,1.0,69,0,0
LJ500_R089_C073,sur,89,73,697750,9545750,25.0,1.0,True,2578.01,74.46,33.85,0.7112,0.3688,165.68,502.15,0.08,0.0,1.0,1.0,1.0,69,1,1
LJ500_R090_C085,sur,90,85,703750,9546250,25.0,1.0,True,3108.16,84.34,31.78,0.4846,-0.7826,3156.13,4344.97,0.0,0.0,1.0,1.0,1.0,69,0,0
LJ500_R091_C084,sur,91,84,703250,9546750,25.0,1.0,True,2849.65,70.76,28.34,-0.681,-0.312,2521.95,3664.7,0.0,0.0,0.98,1.0,1.0,69,0,0
LJ500_R092_C071,sur,92,71,696750,9547250,15.8,0.632,False,2921.29,52.06,28.58,0.5709,0.5701,806.65,162.92,0.0,0.1852,0.9684,0.6835,0.6835,69,0,0
LJ500_R093_C078,sur,93,78,700250,9547750,25.0,1.0,True,2422.1,55.09,24.51,0.4033,0.6464,563.92,1055.72,0.0,0.0,1.0,1.0,1.0,69,0,0
LJ500_R093_C086,sur,93,86,704250,9547750,23.86,0.9546,False,3280.84,78.79,32.17,0.4405,-0.6007,3118.47,4139.63,0.0,0.0,0.9868,1.0,1.0,69,0,0
LJ500_R097_C074,sur,97,74,698250,9549750,25.0,1.0,True,2635.84,74.21,30.65,-0.662,0.3122,1002.77,1201.52,0.0,0.0,0.9604,1.0,1.0,69,0,0
LJ500_R100_C076,sur,100,76,699250,9551250,25.0,1.0,True,2296.15,34.06,25.93,-0.1117,0.0864,713.46,791.95,0.0,0.0,0.98,1.0,1.0,69,2,1
LJ500_R100_C079,sur,100,79,700750,9551250,25.0,1.0,True,2316.49,49.24,25.55,0.5958,-0.1011,270.57,500.0,0.0,0.0,0.98,1.0,1.0,69,2,1
LJ500_R102_C072,sur,102,72,697250,9552250,25.0,1.0,True,2499.15,20.79,18.34,0.025,0.0455,111.57,194.31,0.24,0.04,1.0,1.0,1.0,69,1,1
LJ500_R102_C081,sur,102,81,701750,9552250,25.0,1.0,True,2537.95,44.58,21.42,-0.4715,-0.3558,1046.37,956.29,0.0,0.0,1.0,1.0,1.0,69,1,1
LJ500_R103_C074,sur,103,74,698250,9552750,25.0,1.0,True,2288.29,24.5,10.97,0.4259,0.6944,186.17,113.03,0.04,0.32,0.9604,1.0,1.0,69,2,1
LJ500_R103_C080,sur,103,80,701250,9552750,25.0,1.0,True,2494.78,52.38,19.35,0.0361,-0.7939,713.02,460.57,0.0,0.0,0.9604,1.0,1.0,69,1,1
LJ500_R103_C087,sur,103,87,704750,9552750,25.0,1.0,True,2472.76,48.67,20.26,0.3408,0.7254,1562.05,2284.74,0.0,0.0,0.98,1.0,1.0,69,0,0
LJ500_R104_C075,sur,104,75,698750,9553250,25.0,1.0,True,2215.99,16.01,7.9886,0.5722,0.4985,68.97,89.2,0.4,0.4,1.0,1.0,1.0,69,0,0
LJ500_R104_C086,sur,104,86,704250,9553250,25.0,1.0,True,2520.56,80.85,29.98,0.7067,0.4392,860.24,1708.83,0.0,0.0,0.98,1.0,1.0,69,0,0
LJ500_R105_C084,sur,105,84,703250,9553750,25.0,1.0,True,2337.77,56.33,27.65,0.6997,-0.056,315.1,818.62,0.04,0.0,1.0,1.0,1.0,69,0,0
LJ500_R107_C067,sur,107,67,694750,9554750,8.3913,0.3357,False,2763.02,15.21,20.42,-0.3825,-0.3422,338.16,53.81,0.0,0.4964,0.9003,0.9954,0.9954,69,1,1
LJ500_R108_C072,norte,108,72,697250,9555250,25.0,1.0,True,2296.22,16.3,7.0933,0.1831,0.8253,4.0,0.0,0.96,1.0,1.0,1.0,1.0,69,0,0
LJ500_R108_C081,norte,108,81,701750,9555250,25.0,1.0,True,2190.27,57.9,22.53,0.0951,-0.5168,197.22,121.17,0.08,0.36,1.0,1.0,1.0,69,0,0
LJ500_R109_C088,norte,109,88,705250,9555750,25.0,1.0,True,2662.52,65.65,32.8,0.2588,-0.3936,2263.4,2341.75,0.0,0.0,0.98,1.0,1.0,69,0,0
LJ500_R109_C090,norte,109,90,706250,9555750,0.0013,0.0001,False,,,,,,,,,,0.0,0.0,0.0,0,0,0
LJ500_R111_C078,norte,111,78,700250,9556750,25.0,1.0,True,2162.66,23.68,11.56,0.2074,-0.5991,8.0,24.0,0.92,0.76,1.0,1.0,1.0,69,0,0
LJ500_R111_C085,norte,111,85,703750,9556750,25.0,1.0,True,2445.55,31.04,19.87,-0.0393,-0.1622,1497.4,1587.2,0.0,0.0,1.0,1.0,1.0,69,0,0
LJ500_R113_C064,norte,113,64,693250,9557750,10.6,0.4239,False,2641.6,19.23,18.87,0.0887,0.8905,129.25,128.82,0.1188,0.0546,0.9056,0.5282,0.5282,69,0,0
LJ500_R113_C067,norte,113,67,694750,9557750,25.0,1.0,True,2302.97,17.25,9.0109,0.1241,0.6074,227.5,603.55,0.04,0.0,1.0,1.0,1.0,69,0,0
LJ500_R113_C080,norte,113,80,701250,9557750,25.0,1.0,True,2197.88,35.41,17.61,-0.5205,-0.1779,95.8,201.0,0.36,0.12,0.98,1.0,1.0,69,0,0
LJ500_R113_C084,norte,113,84,703250,9557750,25.0,1.0,True,2368.1,43.82,19.31,-0.8195,0.056,525.83,711.29,0.0,0.0,1.0,1.0,1.0,69,0,0
LJ500_R116_C059,norte,116,59,690750,9559250,25.0,1.0,True,2401.43,73.91,27.73,-0.5949,-0.762,251.3,97.23,0.04,0.32,0.98,1.0,1.0,69,0,0
LJ500_R116_C064,norte,116,64,693250,9559250,25.0,1.0,True,2566.57,50.92,29.22,0.1606,0.3892,451.71,850.86,0.0,0.0,1.0,1.0,1.0,69,0,0
LJ500_R117_C065,norte,117,65,693750,9559750,25.0,1.0,True,2492.8,50.08,22.97,-0.0874,0.7693,188.1,815.97,0.04,0.0,0.98,1.0,1.0,69,1,1
LJ500_R118_C050,norte,118,50,686250,9560250,1.1975,0.0479,False,1509.12,4.3122,10.54,-0.1296,-0.7254,446.77,1069.39,0.0,0.0,0.8172,0.9818,0.9818,69,0,0
LJ500_R118_C051,norte,118,51,686750,9560250,21.12,0.845,False,1627.52,69.32,27.51,-0.385,-0.8139,722.53,947.28,0.0,0.0,0.9905,1.0,1.0,69,0,0
LJ500_R118_C056,norte,118,56,689250,9560250,25.0,1.0,True,2329.02,29.41,16.53,-0.3496,-0.4448,71.57,1272.84,0.4,0.0,0.9604,1.0,1.0,69,1,1
LJ500_R118_C088,norte,118,88,705250,9560250,25.0,1.0,True,2574.31,47.21,27.97,-0.1153,-0.3346,1410.73,1566.44,0.0,0.0,0.98,1.0,1.0,69,0,0
LJ500_R119_C057,norte,119,57,689750,9560750,25.0,1.0,True,2223.25,80.98,31.14,0.8692,0.1875,491.91,1148.92,0.0,0.0,1.0,1.0,1.0,69,1,1
LJ500_R119_C072,norte,119,72,697250,9560750,25.0,1.0,True,2144.61,19.13,8.6417,0.2833,0.7075,4.0,49.66,0.96,0.52,1.0,1.0,1.0,69,0,0
LJ500_R119_C073,norte,119,73,697750,9560750,25.0,1.0,True,2100.87,6.4178,3.6864,0.5772,0.412,0.0,4.0,1.0,0.96,1.0,1.0,1.0,69,0,0
LJ500_R119_C081,norte,119,81,701750,9560750,25.0,1.0,True,2125.9,37.04,19.19,0.268,-0.0405,261.01,655.91,0.0,0.0,1.0,1.0,1.0,69,0,0
LJ500_R120_C065,norte,120,65,693750,9561250,25.0,1.0,True,2399.85,15.53,9.652,0.3991,-0.274,404.15,91.83,0.0,0.36,0.98,1.0,1.0,69,2,1
LJ500_R120_C072,norte,120,72,697250,9561250,25.0,1.0,True,2113.73,23.08,11.69,0.3893,-0.1895,20.0,33.66,0.8,0.68,1.0,1.0,1.0,69,0,0
LJ500_R120_C077,norte,120,77,699750,9561250,25.0,1.0,True,2078.85,25.76,13.55,-0.6055,-0.3227,8.0,16.0,0.92,0.84,0.98,1.0,1.0,69,0,0
LJ500_R121_C070,norte,121,70,696250,9561750,25.0,1.0,True,2152.37,18.74,8.242,-0.0726,0.7382,16.0,64.97,0.84,0.44,0.98,1.0,1.0,69,0,0
LJ500_R124_C056,norte,124,56,689250,9563250,25.0,1.0,True,1934.57,101.6,35.16,0.8421,-0.0823,1702.94,1224.83,0.0,0.0,0.9604,1.0,1.0,69,3,1
LJ500_R125_C057,norte,125,57,689750,9563750,25.0,1.0,True,2018.2,55.89,25.26,-0.6111,-0.4862,1770.89,1000.0,0.0,0.0,1.0,1.0,1.0,69,1,1
LJ500_R125_C058,norte,125,58,690250,9563750,25.0,1.0,True,2090.6,42.64,23.22,-0.5534,-0.3529,1449.15,701.01,0.0,0.0,1.0,1.0,1.0,69,1,1
LJ500_R125_C087,norte,125,87,704750,9563750,25.0,1.0,True,2457.74,58.48,27.55,0.3816,-0.2242,1148.92,3849.68,0.0,0.0,1.0,1.0,1.0,69,0,0
LJ500_R125_C090,norte,125,90,706250,9563750,15.63,0.6252,False,2912.92,53.51,28.97,-0.2425,-0.8661,2293.03,4626.93,0.0,0.0,1.0,1.0,1.0,69,0,0
LJ500_R126_C090,norte,126,90,706250,9564250,10.87,0.4347,False,2929.4,30.99,24.03,-0.1481,-0.7372,2497.6,4551.48,0.0,0.0,0.9997,1.0,1.0,69,0,0
LJ500_R127_C054,norte,127,54,688250,9564750,25.0,1.0,True,1812.28,76.84,28.38,-0.8481,0.255,1501.34,426.55,0.0,0.0,0.98,1.0,1.0,69,3,1
LJ500_R127_C060,norte,127,60,691250,9564750,25.0,1.0,True,2322.12,43.19,18.27,0.4329,-0.7247,2206.37,197.74,0.0,0.2,0.98,1.0,1.0,69,0,0
LJ500_R127_C061,norte,127,61,691750,9564750,25.0,1.0,True,2446.87,42.66,18.31,0.3335,-0.7994,2239.5,55.31,0.0,0.48,0.98,1.0,1.0,69,0,0
LJ500_R128_C070,norte,128,70,696250,9565250,25.0,1.0,True,2096.99,12.41,7.8081,-0.3521,0.3457,78.86,43.31,0.44,0.64,1.0,1.0,1.0,69,0,0
LJ500_R128_C084,norte,128,84,703250,9565250,25.0,1.0,True,2758.93,68.89,28.58,-0.5554,-0.5032,2098.47,2552.63,0.0,0.0,1.0,1.0,1.0,69,0,0
LJ500_R128_C087,norte,128,87,704750,9565250,25.0,1.0,True,2850.74,52.14,23.98,-0.6083,-0.3097,2504.0,3958.54,0.0,0.0,1.0,1.0,1.0,69,0,0
LJ500_R130_C051,norte,130,51,686750,9566250,25.0,1.0,True,1679.33,33.19,19.07,-0.025,-0.5762,741.61,940.54,0.0,0.0,0.98,1.0,1.0,69,0,0
LJ500_R130_C060,norte,130,60,691250,9566250,25.0,1.0,True,2355.19,46.99,20.53,0.1231,-0.8517,1586.23,89.91,0.0,0.32,0.98,1.0,1.0,69,1,1
LJ500_R131_C078,norte,131,78,700250,9566750,25.0,1.0,True,2422.06,52.44,29.48,-0.2877,0.0779,1510.01,622.62,0.0,0.0,1.0,1.0,1.0,69,1,1
LJ500_R132_C049,norte,132,49,685750,9567250,3.2701,0.1308,False,1757.83,25.9,28.68,-0.679,-0.6653,609.61,110.55,0.0,0.0,0.8556,0.3751,0.3751,69,0,0
LJ500_R133_C045,norte,133,45,683750,9567750,10.53,0.4211,False,2525.37,67.99,30.74,-0.09,-0.7033,1651.13,1548.64,0.0,0.0,0.9999,0.7373,0.7373,69,1,1
LJ500_R133_C089,norte,133,89,705750,9567750,25.0,1.0,True,2268.51,66.82,25.73,0.0576,0.8928,3157.22,3125.05,0.0,0.0,0.9604,1.0,1.0,69,1,1
LJ500_R134_C070,norte,134,70,696250,9568250,25.0,1.0,True,2186.32,87.83,33.03,-0.4802,0.2024,625.13,643.16,0.0,0.0,1.0,1.0,1.0,69,0,0
LJ500_R134_C078,norte,134,78,700250,9568250,25.0,1.0,True,2592.66,58.0,27.44,-0.5929,-0.2436,1618.68,599.52,0.0,0.0,1.0,1.0,1.0,69,1,1
LJ500_R135_C051,norte,135,51,686750,9568750,25.0,1.0,True,2261.09,89.91,34.03,-0.8856,0.1378,718.42,317.3,0.0,0.0,1.0,1.0,1.0,69,0,0
LJ500_R135_C076,norte,135,76,699250,9568750,25.0,1.0,True,2350.54,70.35,31.63,0.3037,-0.5489,2016.05,1705.88,0.0,0.0,1.0,1.0,1.0,69,1,1
LJ500_R135_C079,norte,135,79,700750,9568750,25.0,1.0,True,2845.52,64.3,29.93,-0.42,-0.3075,1149.0,447.39,0.0,0.0,1.0,1.0,1.0,69,1,1
LJ500_R135_C090,norte,135,90,706250,9568750,22.94,0.9174,False,2119.98,65.91,27.26,-0.6905,0.5832,2267.17,2128.2,0.0,0.0,1.0,1.0,1.0,69,1,1
LJ500_R136_C068,norte,136,68,695250,9569250,25.0,1.0,True,2526.1,35.76,22.81,-0.078,-0.2044,877.24,1256.17,0.0,0.0,0.9604,1.0,1.0,69,0,0
LJ500_R136_C091,norte,136,91,706750,9569250,25.0,1.0,True,2050.29,57.7,27.2,-0.3762,0.5726,1580.27,1428.29,0.0,0.0,0.98,1.0,1.0,69,1,1
LJ500_R137_C044,norte,137,44,683250,9569750,0.0207,0.0008,False,2819.93,0.0,17.0,-0.9511,-0.309,,,,,0.1142,0.0,0.0,0,0,0
LJ500_R137_C065,norte,137,65,693750,9569750,25.0,1.0,True,2561.75,25.5,13.3,-0.5455,0.1327,860.24,709.66,0.0,0.0,0.98,1.0,1.0,69,0,0
LJ500_R137_C078,norte,137,78,700250,9569750,25.0,1.0,True,2769.05,62.1,26.89,-0.0035,-0.7304,2062.56,1532.98,0.0,0.0,1.0,1.0,1.0,69,0,0
LJ500_R138_C020,norte,138,20,671250,9570250,1.6812,0.0672,False,2199.68,20.89,33.69,0.5647,-0.8033,,,,,0.6644,0.0,0.0,69,0,0
LJ500_R138_C031,norte,138,31,676750,9570250,25.0,1.0,True,1637.22,70.34,27.13,0.3357,0.568,1228.83,915.59,0.0,0.0,1.0,1.0,1.0,69,1,1
LJ500_R138_C052,norte,138,52,687250,9570250,25.0,1.0,True,2626.25,44.99,22.62,-0.1675,-0.3459,1735.47,1408.51,0.0,0.0,1.0,1.0,1.0,69,0,0
LJ500_R138_C053,norte,138,53,687750,9570250,25.0,1.0,True,2596.2,43.47,19.2,-0.7775,0.3116,1969.87,1228.83,0.0,0.0,0.98,1.0,1.0,69,0,0
LJ500_R138_C073,norte,138,73,697750,9570250,25.0,1.0,True,2154.73,55.3,27.06,-0.0018,-0.6529,378.2,512.58,0.0,0.0,1.0,1.0,1.0,69,0,0
LJ500_R139_C022,norte,139,22,672250,9570750,25.0,1.0,True,2263.98,76.71,30.78,0.3699,-0.635,2808.15,1892.09,0.0,0.0,0.98,1.0,1.0,69,2,1
LJ500_R139_C041,norte,139,41,681750,9570750,24.66,0.9864,False,2321.06,78.08,33.68,-0.4233,-0.4979,2601.84,2669.92,0.0,0.0,0.9625,1.0,1.0,69,0,0
LJ500_R139_C076,norte,139,76,699250,9570750,25.0,1.0,True,2448.34,69.71,26.31,-0.5362,-0.6551,1179.04,1902.32,0.0,0.0,0.98,1.0,1.0,69,1,1
LJ500_R139_C093,norte,139,93,707750,9570750,1.9246,0.077,False,1940.36,30.09,27.48,-0.9409,-0.2414,216.83,142.66,0.0,0.0,0.9974,0.9816,0.9816,69,0,0
LJ500_R140_C056,norte,140,56,689250,9571250,25.0,1.0,True,2591.17,42.54,21.18,-0.4061,0.2562,1529.73,1395.89,0.0,0.0,0.98,1.0,1.0,69,0,0
LJ500_R140_C059,norte,140,59,690750,9571250,25.0,1.0,True,2489.25,50.28,20.96,-0.3267,-0.7329,1144.54,863.52,0.0,0.0,0.98,1.0,1.0,69,0,0
LJ500_R140_C069,norte,140,69,695750,9571250,25.0,1.0,True,2524.25,41.39,26.23,0.1172,0.2942,459.09,1013.62,0.0,0.0,1.0,1.0,1.0,69,0,0
LJ500_R140_C075,norte,140,75,698750,9571250,25.0,1.0,True,2407.77,64.47,27.25,0.1494,-0.4023,625.13,1268.38,0.0,0.0,1.0,1.0,1.0,69,0,0
LJ500_R140_C078,norte,140,78,700250,9571250,25.0,1.0,True,2494.91,93.12,33.19,0.3406,-0.679,1510.01,1557.66,0.0,0.0,1.0,1.0,1.0,69,1,1
LJ500_R140_C079,norte,140,79,700750,9571250,25.0,1.0,True,2746.23,58.85,27.13,0.4773,-0.5296,1504.02,1501.34,0.0,0.0,1.0,1.0,1.0,69,0,0
LJ500_R141_C024,norte,141,24,673250,9571750,25.0,1.0,True,2572.09,27.07,13.1,0.4447,-0.3309,1705.91,545.76,0.0,0.0,1.0,1.0,1.0,69,1,1
LJ500_R141_C048,norte,141,48,685250,9571750,25.0,1.0,True,2310.32,35.79,15.62,-0.2775,0.5137,685.77,58.63,0.0,0.48,1.0,1.0,1.0,69,0,0
LJ500_R141_C093,norte,141,93,707750,9571750,1.2831,0.0513,False,2175.38,9.2139,16.28,-0.6929,0.2639,730.06,729.67,0.0,0.0,0.7519,0.2888,0.2888,69,0,0
LJ500_R143_C032,norte,143,32,677250,9572750,25.0,1.0,True,1910.96,86.5,31.16,-0.3185,0.8823,1311.5,2200.0,0.0,0.0,0.98,1.0,1.0,69,1,1
LJ500_R143_C046,norte,143,46,684250,9572750,25.0,1.0,True,2617.69,51.88,23.06,0.288,0.7614,1919.5,362.59,0.0,0.0,1.0,1.0,1.0,69,0,0
LJ500_R143_C073,norte,143,73,697750,9572750,25.0,1.0,True,2029.79,70.49,31.16,-0.2457,0.6885,126.17,36.0,0.16,0.64,1.0,1.0,1.0,69,1,1
LJ500_R143_C077,norte,143,77,699750,9572750,25.0,1.0,True,1995.62,89.4,34.0,0.6684,0.1133,316.09,200.0,0.0,0.2,0.98,1.0,1.0,69,1,1
LJ500_R143_C088,norte,143,88,705250,9572750,25.0,1.0,True,2252.33,68.78,27.44,-0.9137,-0.0663,741.61,550.7,0.0,0.0,1.0,1.0,1.0,69,0,0
LJ500_R143_C090,norte,143,90,706250,9572750,25.0,1.0,True,2260.81,72.81,26.6,-0.9325,-0.0476,844.71,779.02,0.0,0.0,1.0,1.0,1.0,69,0,0
LJ500_R144_C029,norte,144,29,675750,9573250,25.0,1.0,True,2074.87,69.55,28.31,-0.7654,-0.4452,1046.74,905.63,0.0,0.0,0.98,1.0,1.0,69,1,1
LJ500_R144_C037,norte,144,37,679750,9573250,25.0,1.0,True,2287.17,70.82,27.74,-0.894,-0.0932,502.16,4077.69,0.0,0.0,1.0,1.0,1.0,69,1,1
LJ500_R144_C050,norte,144,50,686250,9573250,25.0,1.0,True,2682.17,53.82,25.86,-0.2541,-0.6888,2104.71,959.11,0.0,0.0,0.98,1.0,1.0,69,3,1
LJ500_R144_C052,norte,144,52,687250,9573250,25.0,1.0,True,2829.33,50.55,22.98,-0.542,0.2545,2676.77,1587.46,0.0,0.0,1.0,1.0,1.0,69,3,1
LJ500_R145_C018,norte,145,18,670250,9573750,2.0589,0.0824,False,1623.16,18.22,28.89,-0.2703,-0.8933,2860.08,1635.53,0.0,0.0,0.9879,0.9967,0.9967,69,0,0
LJ500_R145_C023,norte,145,23,672750,9573750,25.0,1.0,True,2277.1,87.69,32.87,0.7364,-0.4101,598.12,544.68,0.0,0.0,0.9604,1.0,1.0,69,0,0
LJ500_R145_C044,norte,145,44,683250,9573750,25.0,1.0,True,2865.8,40.34,20.46,-0.0339,0.5321,1126.99,930.78,0.0,0.0,0.9604,1.0,1.0,69,2,1
LJ500_R145_C058,norte,145,58,690250,9573750,25.0,1.0,True,2734.88,37.25,21.94,-0.431,0.1518,916.72,187.65,0.0,0.2,0.98,1.0,1.0,69,0,0
LJ500_R145_C064,norte,145,64,693250,9573750,25.0,1.0,True,2939.77,39.96,20.28,0.5197,-0.0765,1493.32,1569.24,0.0,0.0,0.98,1.0,1.0,69,0,0
LJ500_R145_C077,norte,145,77,699750,9573750,25.0,1.0,True,2036.95,65.51,30.09,-0.1087,-0.723,166.63,758.78,0.12,0.0,0.9604,1.0,1.0,69,0,0
LJ500_R146_C016,norte,146,16,669250,9574250,4.8162,0.1926,False,1482.71,29.43,29.92,-0.9068,-0.351,2120.9,1621.43,0.0,0.0,0.9918,1.0,1.0,69,0,0
LJ500_R146_C061,norte,146,61,691750,9574250,25.0,1.0,True,2535.64,51.29,22.65,0.7494,-0.2031,734.93,434.83,0.0,0.0,1.0,1.0,1.0,69,0,0
LJ500_R146_C063,norte,146,63,692750,9574250,25.0,1.0,True,2686.28,64.43,27.74,0.7024,-0.4952,793.75,892.96,0.0,0.0,1.0,1.0,1.0,69,1,1
LJ500_R146_C064,norte,146,64,693250,9574250,25.0,1.0,True,2819.48,59.71,26.24,0.5215,-0.2281,1174.76,1287.16,0.0,0.0,1.0,1.0,1.0,69,0,0
LJ500_R146_C076,norte,146,76,699250,9574250,25.0,1.0,True,1976.83,60.98,27.48,-0.1176,-0.5808,258.6,601.75,0.0,0.0,1.0,1.0,1.0,69,0,0
LJ500_R147_C064,norte,147,64,693250,9574750,25.0,1.0,True,2686.08,63.55,26.38,0.5156,-0.723,1015.04,1037.03,0.0,0.0,1.0,1.0,1.0,69,1,1
LJ500_R147_C078,norte,147,78,700250,9574750,25.0,1.0,True,2332.65,57.19,26.79,-0.2526,-0.5595,82.6,1585.09,0.4,0.0,1.0,1.0,1.0,69,0,0
LJ500_R147_C079,norte,147,79,700750,9574750,25.0,1.0,True,2399.48,20.36,16.43,0.0861,0.2042,489.76,1801.55,0.0,0.0,1.0,1.0,1.0,69,0,0
LJ500_R148_C017,norte,148,17,669750,9575250,25.0,1.0,True,1869.99,47.62,25.71,-0.2729,-0.1063,1634.01,715.02,0.0,0.0,0.9604,1.0,1.0,69,0,0
LJ500_R148_C027,norte,148,27,674750,9575250,25.0,1.0,True,2343.2,63.08,27.88,0.2582,0.5143,426.55,88.26,0.0,0.32,0.98,1.0,1.0,69,0,0
LJ500_R148_C037,norte,148,37,679750,9575250,25.0,1.0,True,2548.75,43.54,28.04,0.4267,-0.3017,942.2,3247.5,0.0,0.0,0.98,1.0,1.0,69,0,0
LJ500_R148_C084,norte,148,84,703250,9575250,25.0,1.0,True,2364.28,48.82,24.42,-0.5697,-0.3252,816.15,1211.11,0.0,0.0,0.98,1.0,1.0,69,1,1
LJ500_R149_C018,norte,149,18,670250,9575750,25.0,1.0,True,1968.78,48.99,25.24,0.2139,-0.6168,1752.16,101.17,0.0,0.36,1.0,1.0,1.0,69,0,0
LJ500_R149_C026,norte,149,26,674250,9575750,25.0,1.0,True,2371.85,72.31,29.1,0.5184,0.6572,1039.28,121.28,0.0,0.32,0.98,1.0,1.0,69,0,0
LJ500_R149_C036,norte,149,36,679250,9575750,25.0,1.0,True,2218.86,106.13,39.48,0.5841,-0.5049,416.09,2731.78,0.0,0.0,1.0,1.0,1.0,69,0,0
LJ500_R149_C082,norte,149,82,702250,9575750,25.0,1.0,True,2353.06,39.52,20.5,-0.4151,0.2323,272.1,2271.39,0.04,0.0,1.0,1.0,1.0,69,0,0
LJ500_R150_C035,norte,150,35,678750,9576250,25.0,1.0,True,1892.21,57.03,27.45,0.0798,-0.3904,530.17,2066.41,0.0,0.0,0.98,1.0,1.0,69,1,1
LJ500_R150_C077,norte,150,77,699750,9576250,25.0,1.0,True,2303.99,27.63,18.96,-0.225,-0.3508,320.85,1532.86,0.0,0.0,0.98,1.0,1.0,69,0,0
LJ500_R150_C079,norte,150,79,700750,9576250,25.0,1.0,True,2350.89,55.33,22.46,-0.5934,-0.458,1051.64,2415.86,0.0,0.0,1.0,1.0,1.0,69,0,0
LJ500_R151_C021,norte,151,21,671750,9576750,25.0,1.0,True,1878.45,62.19,30.08,0.6212,0.0414,2565.15,800.0,0.0,0.0,0.98,1.0,1.0,69,0,0
LJ500_R151_C045,norte,151,45,683750,9576750,25.0,1.0,True,2847.33,16.98,9.7336,-0.3139,0.2402,1053.67,118.82,0.0,0.32,0.98,1.0,1.0,69,1,1
LJ500_R151_C054,norte,151,54,688250,9576750,25.0,1.0,True,2922.49,30.23,14.41,0.21,0.7594,2422.81,557.35,0.0,0.0,0.98,1.0,1.0,69,0,0
LJ500_R151_C069,norte,151,69,695750,9576750,25.0,1.0,True,2071.88,65.62,30.87,-0.446,-0.2411,130.17,142.19,0.12,0.2,0.98,1.0,1.0,69,0,0
LJ500_R151_C088,norte,151,88,705250,9576750,25.0,1.0,True,2664.04,29.79,15.1,-0.551,0.2154,1126.99,654.97,0.0,0.0,0.98,1.0,1.0,69,0,0
LJ500_R152_C018,norte,152,18,670250,9577250,25.0,1.0,True,1774.92,46.83,24.09,0.3262,-0.5062,1497.8,1243.42,0.0,0.0,1.0,1.0,1.0,69,0,0
LJ500_R152_C030,norte,152,30,676250,9577250,25.0,1.0,True,2337.76,52.17,24.28,-0.4842,0.442,512.58,82.86,0.0,0.36,1.0,1.0,1.0,69,0,0
LJ500_R152_C036,norte,152,36,679250,9577250,25.0,1.0,True,1993.46,73.61,33.47,0.1606,-0.5117,1554.77,1493.35,0.0,0.0,1.0,1.0,1.0,69,1,1
LJ500_R152_C050,norte,152,50,686250,9577250,25.0,1.0,True,3161.08,82.54,32.11,0.352,-0.8508,2487.97,121.17,0.0,0.28,0.98,1.0,1.0,69,0,0
LJ500_R152_C071,norte,152,71,696750,9577250,25.0,1.0,True,2342.78,53.32,25.32,-0.6025,-0.4359,213.22,1029.44,0.12,0.0,0.98,1.0,1.0,69,0,0
LJ500_R153_C028,norte,153,28,675250,9577750,25.0,1.0,True,2022.88,51.04,26.34,0.2457,-0.3839,1558.88,765.77,0.0,0.0,1.0,1.0,1.0,69,0,0
LJ500_R153_C034,norte,153,34,678250,9577750,25.0,1.0,True,2171.16,58.93,27.93,-0.4194,0.6762,1072.39,798.27,0.0,0.0,1.0,1.0,1.0,69,2,1
LJ500_R153_C037,norte,153,37,679750,9577750,25.0,1.0,True,1993.68,54.16,33.24,-0.0805,0.0809,1307.71,1346.86,0.0,0.0,1.0,1.0,1.0,69,0,0
LJ500_R153_C062,norte,153,62,692250,9577750,25.0,1.0,True,2552.72,58.89,29.3,0.4441,-0.1631,548.76,306.13,0.0,0.0,0.98,1.0,1.0,69,0,0
LJ500_R153_C070,norte,153,70,696250,9577750,25.0,1.0,True,2442.46,47.21,26.03,-0.3311,-0.2176,215.49,1039.07,0.12,0.0,1.0,1.0,1.0,69,0,0
LJ500_R153_C071,norte,153,71,696750,9577750,25.0,1.0,True,2394.86,53.2,24.53,0.5024,0.2378,272.1,1435.34,0.04,0.0,0.98,1.0,1.0,69,0,0
LJ500_R153_C078,norte,153,78,700250,9577750,25.0,1.0,True,2665.0,45.86,22.63,0.2141,-0.5116,1404.64,2902.89,0.0,0.0,1.0,1.0,1.0,69,0,0
LJ500_R153_C088,norte,153,88,705250,9577750,5.3756,0.215,False,2792.16,18.47,16.67,-0.778,0.2389,1695.13,1357.2,0.0,0.0,0.9991,1.0,1.0,69,0,0
LJ500_R154_C005,norte,154,5,663750,9578250,25.0,1.0,True,1073.09,45.98,23.16,-0.1786,-0.5549,530.42,678.58,0.0,0.0,0.9604,1.0,1.0,69,0,0
LJ500_R154_C020,norte,154,20,671250,9578250,25.0,1.0,True,1530.58,53.0,24.77,0.5854,-0.1932,1216.59,2323.8,0.0,0.0,0.9604,1.0,1.0,69,0,0
LJ500_R154_C043,norte,154,43,682750,9578250,25.0,1.0,True,2567.22,66.37,27.23,0.4862,-0.3627,836.89,564.4,0.0,0.0,0.98,1.0,1.0,69,0,0
LJ500_R154_C066,norte,154,66,694250,9578250,25.0,1.0,True,2092.92,54.7,29.8,-0.2444,-0.1164,600.22,58.6,0.0,0.52,0.98,1.0,1.0,70,2,1
LJ500_R155_C016,norte,155,16,669250,9578750,25.0,1.0,True,1452.45,51.17,23.95,0.728,-0.1813,349.75,2055.54,0.0,0.0,1.0,1.0,1.0,69,0,0
LJ500_R155_C017,norte,155,17,669750,9578750,25.0,1.0,True,1463.57,53.01,25.19,0.7484,0.1676,394.32,2404.59,0.0,0.0,0.98,1.0,1.0,69,0,0
LJ500_R155_C026,norte,155,26,674250,9578750,25.0,1.0,True,1921.94,59.39,29.84,0.3993,-0.4706,2868.8,2143.91,0.0,0.0,0.98,1.0,1.0,69,0,0
LJ500_R156_C014,norte,156,14,668250,9579250,25.0,1.0,True,1235.57,51.55,24.46,0.7485,-0.2033,434.83,1762.33,0.0,0.0,0.98,1.0,1.0,69,0,0
LJ500_R156_C029,norte,156,29,675750,9579250,25.0,1.0,True,2586.53,90.37,32.93,-0.0409,-0.808,1808.33,1122.94,0.0,0.0,0.98,1.0,1.0,69,0,0
LJ500_R156_C049,norte,156,49,685750,9579250,25.0,1.0,True,3029.63,46.41,23.79,-0.4684,0.2666,3439.48,1370.71,0.0,0.0,1.0,1.0,1.0,69,0,0
LJ500_R156_C072,norte,156,72,697250,9579250,25.0,1.0,True,2285.27,36.12,22.91,-0.3579,-0.3991,185.52,2705.55,0.12,0.0,1.0,1.0,1.0,69,0,0
LJ500_R157_C001,norte,157,1,661750,9579750,17.5,0.7,False,809.45,24.61,21.75,0.1815,-0.2477,480.3,734.38,0.0,0.0,0.9991,1.0,1.0,69,1,1
LJ500_R157_C032,norte,157,32,677250,9579750,25.0,1.0,True,2423.13,43.98,28.13,-0.2986,-0.1553,1127.05,469.8,0.0,0.0,0.9604,1.0,1.0,69,0,0
LJ500_R157_C059,norte,157,59,690750,9579750,25.0,1.0,True,2445.46,49.98,21.51,0.1007,0.6762,488.62,89.2,0.0,0.36,0.9604,1.0,1.0,69,0,0
LJ500_R157_C067,norte,157,67,694750,9579750,25.0,1.0,True,2323.16,65.13,31.04,0.0962,-0.6984,143.77,451.9,0.16,0.0,0.98,1.0,1.0,69,0,0
LJ500_R158_C005,norte,158,5,663750,9580250,25.0,1.0,True,971.63,28.06,20.32,-0.1461,-0.3432,418.18,498.46,0.0,0.0,0.98,1.0,1.0,69,0,0
LJ500_R159_C005,norte,159,5,663750,9580750,18.14,0.7256,False,918.5,37.7,23.84,0.5851,-0.3026,426.72,324.18,0.0,0.0,0.9777,0.7244,0.7244,69,0,0
LJ500_R159_C008,norte,159,8,665250,9580750,13.61,0.5442,False,970.34,43.15,20.02,0.6183,0.3515,129.67,182.79,0.2519,0.147,0.9997,1.0,1.0,69,0,0
LJ500_R159_C044,norte,159,44,683250,9580750,25.0,1.0,True,2820.5,67.85,27.64,-0.5854,0.5403,1292.81,180.89,0.0,0.2,0.98,1.0,1.0,69,1,1
LJ500_R159_C051,norte,159,51,686750,9580750,25.0,1.0,True,2916.41,47.36,22.56,0.654,0.089,4013.73,1029.69,0.0,0.0,1.0,1.0,1.0,69,0,0
LJ500_R159_C072,norte,159,72,697250,9580750,25.0,1.0,True,2406.83,34.55,22.58,0.1192,-0.2831,730.81,2705.19,0.0,0.0,1.0,1.0,1.0,69,0,0
LJ500_R159_C076,norte,159,76,699250,9580750,25.0,1.0,True,2677.76,30.06,17.66,-0.0357,-0.4374,2556.43,4688.21,0.0,0.0,1.0,1.0,1.0,69,2,1
LJ500_R160_C064,norte,160,64,693250,9581250,25.0,1.0,True,2526.68,81.04,31.53,-0.1596,0.7156,519.8,118.25,0.0,0.32,0.98,1.0,1.0,69,0,0
LJ500_R161_C073,norte,161,73,697750,9581750,25.0,1.0,True,2555.43,50.8,23.32,-0.3249,0.4359,1708.8,3327.17,0.0,0.0,1.0,1.0,1.0,69,0,0
LJ500_R162_C062,norte,162,62,692250,9582250,25.0,1.0,True,2960.54,41.33,18.77,-0.5062,0.6041,1070.89,1147.69,0.0,0.0,0.98,1.0,1.0,69,0,0
LJ500_R162_C077,norte,162,77,699750,9582250,25.0,1.0,True,2902.47,39.86,21.98,-0.5193,0.3456,3638.68,5377.73,0.0,0.0,0.98,1.0,1.0,69,0,0
LJ500_R163_C034,norte,163,34,678250,9582750,25.0,1.0,True,3078.38,32.5,20.33,-0.2372,0.0574,1510.01,1682.28,0.0,0.0,0.98,1.0,1.0,69,0,0
LJ500_R163_C039,norte,163,39,680750,9582750,25.0,1.0,True,2404.85,44.4,25.42,-0.0564,0.4055,105.91,104.26,0.32,0.28,0.98,1.0,1.0,69,0,0
LJ500_R163_C069,norte,163,69,695750,9582750,25.0,1.0,True,2641.32,42.74,24.03,0.2728,-0.3769,1148.92,1655.32,0.0,0.0,0.98,1.0,1.0,69,0,0
LJ500_R163_C079,norte,163,79,700750,9582750,25.0,1.0,True,3159.17,41.32,20.37,-0.0043,-0.6647,4752.89,6455.23,0.0,0.0,0.98,1.0,1.0,69,0,0
LJ500_R164_C047,norte,164,47,684750,9583250,25.0,1.0,True,3019.41,73.09,34.12,0.284,0.5558,2868.8,574.14,0.0,0.0,0.98,1.0,1.0,69,0,0
LJ500_R164_C050,norte,164,50,686250,9583250,25.0,1.0,True,2742.5,43.16,22.91,-0.4943,-0.3331,4240.28,1341.36,0.0,0.0,0.98,1.0,1.0,69,2,1
LJ500_R164_C070,norte,164,70,696250,9583250,25.0,1.0,True,2552.66,44.79,23.03,0.1883,-0.4686,1849.33,2289.02,0.0,0.0,1.0,1.0,1.0,69,0,0
LJ500_R164_C073,norte,164,73,697750,9583250,25.0,1.0,True,2732.79,38.7,21.96,-0.3687,0.2662,2886.63,3713.44,0.0,0.0,1.0,1.0,1.0,69,0,0
LJ500_R165_C048,norte,165,48,685250,9583750,25.0,1.0,True,2830.51,58.57,26.03,0.0661,0.6899,3538.81,1269.04,0.0,0.0,1.0,1.0,1.0,69,0,0
LJ500_R166_C041,norte,166,41,681750,9584250,25.0,1.0,True,2858.88,37.28,22.8,-0.4516,-0.0135,411.27,866.18,0.0,0.0,0.9604,1.0,1.0,69,1,1
LJ500_R166_C080,norte,166,80,701250,9584250,24.91,0.9963,False,3246.6,39.39,17.51,0.5469,-0.5814,6000.62,7350.24,0.0,0.0,0.9622,1.0,1.0,69,0,0
LJ500_R167_C033,norte,167,33,677750,9584750,25.0,1.0,True,3152.42,64.54,26.97,-0.2461,0.7329,2374.87,2345.22,0.0,0.0,1.0,1.0,1.0,69,0,0
LJ500_R168_C050,norte,168,50,686250,9585250,25.0,1.0,True,3151.81,50.13,23.17,-0.0521,-0.7144,4810.41,1959.19,0.0,0.0,0.98,1.0,1.0,69,0,0
LJ500_R169_C032,norte,169,32,677250,9585750,23.54,0.9415,False,3278.33,46.06,24.44,0.0098,0.6245,3342.18,3243.69,0.0,0.0,0.9636,1.0,1.0,69,1,1
LJ500_R169_C034,norte,169,34,678250,9585750,25.0,1.0,True,3068.03,61.26,28.77,-0.1977,0.5657,2502.79,2479.92,0.0,0.0,0.98,1.0,1.0,69,1,1
LJ500_R169_C079,norte,169,79,700750,9585750,21.8,0.8721,False,3243.49,18.27,7.5812,0.4215,-0.6836,6641.26,7127.83,0.0,0.0,0.9771,1.0,1.0,69,0,0
LJ500_R170_C057,norte,170,57,689750,9586250,25.0,1.0,True,2886.1,42.26,27.97,0.1645,0.2621,2521.91,588.15,0.0,0.0,1.0,1.0,1.0,69,0,0
LJ500_R171_C046,norte,171,46,684250,9586750,25.0,1.0,True,3196.56,47.4,20.59,-0.6962,-0.3226,3747.0,481.57,0.0,0.0,1.0,1.0,1.0,69,0,0
LJ500_R171_C064,norte,171,64,693250,9586750,25.0,1.0,True,2535.13,39.52,18.1,0.0446,-0.5952,383.91,237.53,0.0,0.04,1.0,1.0,1.0,69,0,0
LJ500_R171_C072,norte,171,72,697250,9586750,25.0,1.0,True,2880.08,61.32,23.7,0.7701,0.3927,4306.97,3934.47,0.0,0.0,1.0,1.0,1.0,69,0,0
LJ500_R172_C048,norte,172,48,685250,9587250,25.0,1.0,True,3319.19,60.55,24.41,-0.6436,0.4203,4856.95,130.56,0.0,0.32,0.98,1.0,1.0,69,0,0
LJ500_R172_C060,norte,172,60,691250,9587250,25.0,1.0,True,2913.22,67.42,27.15,0.0345,0.722,1284.29,261.1,0.0,0.04,0.98,1.0,1.0,69,0,0
LJ500_R173_C067,norte,173,67,694750,9587750,25.0,1.0,True,2468.52,27.05,17.1,-0.1548,-0.3505,1936.5,1462.91,0.0,0.0,1.0,1.0,1.0,69,1,1
LJ500_R174_C060,norte,174,60,691250,9588250,25.0,1.0,True,2697.71,71.92,28.51,0.7773,-0.0403,388.23,275.91,0.0,0.0,1.0,1.0,1.0,69,0,0
LJ500_R174_C069,norte,174,69,695750,9588250,25.0,1.0,True,2643.88,15.29,8.6453,-0.0163,-0.6684,3049.59,2567.11,0.0,0.0,1.0,1.0,1.0,69,0,0
LJ500_R174_C070,norte,174,70,696250,9588250,25.0,1.0,True,2715.74,21.95,9.642,-0.1262,-0.7924,3514.26,3039.74,0.0,0.0,1.0,1.0,1.0,69,1,1
LJ500_R174_C074,norte,174,74,698250,9588250,25.0,1.0,True,2961.28,26.93,18.37,0.2768,-0.2666,5435.99,4983.98,0.0,0.0,0.98,1.0,1.0,69,0,0
LJ500_R175_C050,norte,175,50,686250,9588750,16.77,0.6707,False,3573.63,44.2,24.05,-0.718,-0.5164,4358.72,1282.88,0.0,0.0,0.9577,0.7018,0.7018,69,0,0
LJ500_R175_C053,norte,175,53,687750,9588750,25.0,1.0,True,3313.79,69.22,27.01,-0.2895,0.8215,3402.94,1564.34,0.0,0.0,0.9604,1.0,1.0,69,0,0
LJ500_R175_C063,norte,175,63,692750,9588750,25.0,1.0,True,2612.15,36.36,18.19,0.1019,-0.5967,1322.94,207.74,0.0,0.16,0.98,1.0,1.0,69,0,0
LJ500_R176_C031,norte,176,31,676750,9589250,0.1157,0.0046,False,3417.13,1.5686,,,,,,,,0.0809,0.0,0.0,0,0,0
LJ500_R176_C043,norte,176,43,682750,9589250,25.0,1.0,True,3273.81,47.25,19.62,-0.8127,0.1871,4697.87,2063.98,0.0,0.0,1.0,1.0,1.0,69,1,1
LJ500_R176_C055,norte,176,55,688750,9589250,25.0,1.0,True,3244.08,68.16,26.03,-0.9176,-0.0634,2560.58,557.35,0.0,0.0,1.0,1.0,1.0,69,0,0
LJ500_R176_C064,norte,176,64,693250,9589250,25.0,1.0,True,2664.18,16.29,10.11,-0.3101,-0.4038,1936.5,700.0,0.0,0.0,1.0,1.0,1.0,69,0,0
LJ500_R177_C046,norte,177,46,684250,9589750,25.0,1.0,True,3354.41,37.39,26.37,-0.1946,0.0383,5476.03,2313.02,0.0,0.0,1.0,1.0,1.0,69,1,1
LJ500_R177_C058,norte,177,58,690250,9589750,25.0,1.0,True,2763.34,46.0,21.2,0.1222,0.6842,1701.0,302.02,0.0,0.04,1.0,1.0,1.0,69,0,0
LJ500_R177_C061,norte,177,61,691750,9589750,25.0,1.0,True,2778.3,55.13,21.42,0.0543,0.8721,1245.06,93.91,0.0,0.32,1.0,1.0,1.0,69,0,0
LJ500_R178_C037,norte,178,37,679750,9590250,25.0,1.0,True,3430.1,35.17,14.24,-0.7517,0.479,3924.29,4884.67,0.0,0.0,0.98,1.0,1.0,69,0,0
LJ500_R179_C057,norte,179,57,689750,9590750,25.0,1.0,True,2958.61,67.46,30.45,0.0742,0.6359,1086.35,685.77,0.0,0.0,1.0,1.0,1.0,69,0,0
LJ500_R179_C066,norte,179,66,694250,9590750,25.0,1.0,True,3099.49,66.02,28.63,-0.7276,-0.1018,3563.71,1717.59,0.0,0.0,1.0,1.0,1.0,69,0,0
LJ500_R180_C041,norte,180,41,681750,9591250,25.0,1.0,True,3555.39,42.25,19.97,-0.285,-0.7425,4266.15,4296.51,0.0,0.0,0.98,1.0,1.0,69,0,0
LJ500_R180_C067,norte,180,67,694750,9591250,25.0,1.0,True,3042.96,98.64,31.7,-0.2714,0.9057,3810.51,2313.02,0.0,0.0,1.0,1.0,1.0,69,0,0
LJ500_R180_C070,norte,180,70,696250,9591250,25.0,1.0,True,2927.64,28.34,14.95,-0.5562,-0.1835,4412.48,3768.29,0.0,0.0,1.0,1.0,1.0,69,0,0
LJ500_R182_C042,norte,182,42,682250,9592250,23.12,0.9249,False,3699.16,30.78,15.3,-0.4816,-0.5639,4155.7,5023.52,0.0,0.0,1.0,1.0,1.0,69,0,0
LJ500_R182_C056,norte,182,56,689250,9592250,0.0802,0.0032,False,3135.99,0.0,7.0,-0.5,-0.866,,,,,0.0655,0.0,0.0,0,0,0
LJ500_R182_C060,norte,182,60,691250,9592250,3.1334,0.1253,False,3070.49,28.09,18.52,-0.1706,0.8671,1891.81,597.97,0.0,0.0,0.7845,1.0,1.0,69,0,0
LJ500_R183_C061,norte,183,61,691750,9592750,4.3597,0.1744,False,2981.12,14.53,15.15,0.3364,0.2553,1677.78,135.48,0.0,0.0,0.797,1.0,1.0,69,0,0
LJ500_R183_C069,norte,183,69,695750,9592750,22.23,0.8892,False,3238.81,34.55,20.05,-0.2096,0.4152,2939.43,3424.09,0.0,0.0,1.0,1.0,1.0,69,0,0
LJ500_R183_C070,norte,183,70,696250,9592750,22.56,0.9022,False,3182.53,42.26,18.75,-0.7487,-0.1139,3244.19,3772.48,0.0,0.0,1.0,1.0,1.0,69,0,0
